date,n_hours,buoy_ft,model_ft,bias_pct,mae_ft,r,scale_current,scale_suggested
2026-09-03,1097,3.23,2.87,-11.2,0.41,0.882,1.13,1.13
2026-09-03,1094,2.35,3.42,46.0,1.08,0.729,1.13,0.69
2026-09-03,1097,3.29,3.27,-0.8,0.25,0.895,1.13,1.01
2026-09-03,1092,5.44,5.5,1.0,0.45,0.885,1.13,0.99
2026-09-03,1094,5.63,5.56,-1.3,0.53,0.928,1.13,1.01
2026-09-03,1097,4.26,4.87,14.3,0.63,0.901,1.13,0.88
2026-09-03,920,4.8,3.48,-27.5,1.34,0.799,1.13,1.38
2026-10-03,1100,3.22,2.9,-9.9,0.45,0.865,1.13,1.11
2026-10-03,1097,2.57,3.52,36.8,0.99,0.38,1.13,0.73
2026-10-03,1100,3.3,3.33,1.0,0.3,0.857,1.13,0.99
2026-10-03,1099,6.1,5.81,-4.8,0.54,0.912,1.13,1.05
2026-10-03,1080,5.9,5.83,-1.2,0.48,0.883,1.13,1.01
2026-10-03,1100,4.46,5.26,17.9,0.83,0.919,1.13,0.85
2026-10-03,350,8.3,8.45,1.7,0.4,0.984,1.13,0.98
2026-10-03,953,5.21,3.79,-27.4,1.43,0.922,1.13,1.38
