window_key,window_start,window_kind,score,cap_reason,damage,swell_hgt_ft,swell_per_s,swell_dir,wind_energy_48h,swell_energy_72h,dry_hours,kd490
20260209T0600-dawn,2026-02-09T06:00:00-08:00,dawn,4.6,,7.98,3.1,8.3,274,178,4455,72,0.0614
20260209T1730-dusk,2026-02-09T17:30:00-08:00,dusk,4.3,,9.8,3.5,8.2,275,143,4049,72,0.0614
20260210T0600-dawn,2026-02-10T06:00:00-08:00,dawn,4.5,,8.63,3.7,10.2,274,195,3770,72,0.0614
20260210T1730-dusk,2026-02-10T17:30:00-08:00,dusk,4.0,,7.89,3.3,10.2,276,504,3772,72,0.0614
20260211T0600-dawn,2026-02-11T06:00:00-08:00,dawn,2.1,"post-rain (1h since ≥0.2"")",17.32,3.6,6.2,224,1124,3808,1,0.0614
20260211T1730-dusk,2026-02-11T17:30:00-08:00,dusk,2.1,"post-rain (1h since ≥0.2"")",17.12,4.3,8.3,264,797,4486,1,0.0614
20260212T0600-dawn,2026-02-12T06:00:00-08:00,dawn,2.9,"post-rain (2h since ≥0.2"")",13.35,3.8,7.8,266,509,4844,2,0.0718
20260212T1730-dusk,2026-02-12T17:30:00-08:00,dusk,4.0,"post-rain (13h since ≥0.2"")",5.19,2.4,8.3,276,395,4614,13,0.0718
20260213T0600-dawn,2026-02-13T06:00:00-08:00,dawn,4.0,"post-rain (26h since ≥0.2"")",2.71,2.0,9.2,277,212,4147,26,0.0906
20260213T1730-dusk,2026-02-13T17:30:00-08:00,dusk,4.0,"post-rain (37h since ≥0.2"")",6.09,2.6,6.4,272,305,3651,37,0.0906
20260214T0600-dawn,2026-02-14T06:00:00-08:00,dawn,4.0,"post-rain (50h since ≥0.2"")",6.39,2.6,6.2,271,306,3413,50,0.0906
20260214T1730-dusk,2026-02-14T17:30:00-08:00,dusk,4.0,"post-rain (61h since ≥0.2"")",5.65,3.0,9.6,277,297,3295,61,0.0906
20260215T0600-dawn,2026-02-15T06:00:00-08:00,dawn,7.1,,3.05,2.3,9.8,279,211,3139,72,0.0906
20260215T1730-dusk,2026-02-15T17:30:00-08:00,dusk,7.3,,2.83,2.3,10.0,279,179,2807,72,0.0906
20260216T0600-dawn,2026-02-16T06:00:00-08:00,dawn,6.3,,4.18,2.0,9.8,279,298,2469,72,0.0906
20260216T1730-dusk,2026-02-16T17:30:00-08:00,dusk,1.0,"post-rain (1h since ≥0.2"")",57.34,6.2,5.4,205,1098,3256,1,0.0906
20260217T0600-dawn,2026-02-17T06:00:00-08:00,dawn,2.2,"post-rain (1h since ≥0.2"")",15.16,3.6,7.2,241,813,4669,1,0.1406
20260217T1730-dusk,2026-02-17T17:30:00-08:00,dusk,1.0,"post-rain (1h since ≥0.2"")",21.58,3.6,6.3,226,789,4871,1,0.1406
20260218T0600-dawn,2026-02-18T06:00:00-08:00,dawn,1.0,"post-rain (1h since ≥0.2"")",78.23,5.9,5.9,236,2413,6293,1,0.1128
20260218T1730-dusk,2026-02-18T17:30:00-08:00,dusk,1.0,"post-rain (1h since ≥0.2"")",20.09,4.8,7.6,279,2366,8141,1,0.1128
20260219T0600-dawn,2026-02-19T06:00:00-08:00,dawn,1.0,"post-rain (5h since ≥0.2"")",16.61,4.3,7.2,271,1517,7537,5,0.1128
20260219T1730-dusk,2026-02-19T17:30:00-08:00,dusk,1.0,"post-rain (16h since ≥0.2"")",26.26,3.3,7.0,260,1603,6440,16,0.1128
20260220T0600-dawn,2026-02-20T06:00:00-08:00,dawn,1.0,"post-rain (1h since ≥0.2"")",34.03,6.0,6.4,269,1376,6457,1,0.1815
20260220T1730-dusk,2026-02-20T17:30:00-08:00,dusk,2.6,"post-rain (10h since ≥0.2"")",10.46,3.4,6.7,272,851,5960,10,0.1815
20260221T0600-dawn,2026-02-21T06:00:00-08:00,dawn,4.0,"post-rain (23h since ≥0.2"")",4.36,2.2,6.4,271,526,4643,23,0.1334
20260221T1730-dusk,2026-02-21T17:30:00-08:00,dusk,4.0,"post-rain (34h since ≥0.2"")",2.48,1.7,6.4,273,337,3244,34,0.1334
20260222T0600-dawn,2026-02-22T06:00:00-08:00,dawn,4.0,"post-rain (47h since ≥0.2"")",1.76,1.4,6.7,272,122,2286,47,0.1766
20260222T1730-dusk,2026-02-22T17:30:00-08:00,dusk,4.0,"post-rain (58h since ≥0.2"")",0.72,1.1,12.5,185,132,1715,58,0.1766
20260223T0600-dawn,2026-02-23T06:00:00-08:00,dawn,4.0,"post-rain (71h since ≥0.2"")",1.48,1.4,7.7,280,137,1207,71,0.1766
20260223T1730-dusk,2026-02-23T17:30:00-08:00,dusk,7.3,,3.65,2.2,7.8,278,111,991,72,0.1766
20260224T0600-dawn,2026-02-24T06:00:00-08:00,dawn,7.0,,3.78,2.2,7.8,278,117,1095,72,0.2459
20260224T1730-dusk,2026-02-24T17:30:00-08:00,dusk,7.2,,3.33,2.1,7.5,276,128,1145,72,0.2459
20260225T0600-dawn,2026-02-25T06:00:00-08:00,dawn,7.9,,1.82,1.6,8.1,277,80,1118,72,0.3437
20260225T1730-dusk,2026-02-25T17:30:00-08:00,dusk,7.1,,3.12,1.8,4.4,270,103,1124,72,0.3437
20260226T0600-dawn,2026-02-26T06:00:00-08:00,dawn,7.7,,2.35,1.6,4.3,269,79,1141,72,0.3061
20260226T1730-dusk,2026-02-26T17:30:00-08:00,dusk,7.7,,2.2,1.5,4.5,271,110,1142,72,0.3061
20260227T0600-dawn,2026-02-27T06:00:00-08:00,dawn,7.6,,2.73,1.8,5.6,275,113,1084,72,0.2436
20260227T1730-dusk,2026-02-27T17:30:00-08:00,dusk,7.9,,2.21,1.6,5.3,272,108,1068,72,0.2436
20260228T0600-dawn,2026-02-28T06:00:00-08:00,dawn,8.8,,0.97,1.4,13.0,183,97,1060,72,0.1919
20260228T1730-dusk,2026-02-28T17:30:00-08:00,dusk,8.8,,1.07,1.4,12.7,182,151,992,72,0.1919
20260301T0600-dawn,2026-03-01T06:00:00-08:00,dawn,8.8,,1.3,1.6,12.5,180,119,961,72,0.1597
20260301T1730-dusk,2026-03-01T17:30:00-08:00,dusk,8.4,,1.69,1.7,11.8,181,140,1029,72,0.1597
20260302T0600-dawn,2026-03-02T06:00:00-08:00,dawn,7.3,,3.87,2.0,3.8,267,165,1042,72,0.1561
20260302T1730-dusk,2026-03-02T17:30:00-08:00,dusk,5.4,,7.98,2.9,4.8,270,196,1289,72,0.1561
20260303T0600-dawn,2026-03-03T06:00:00-08:00,dawn,4.8,,10.03,3.3,5.6,271,221,1807,72,0.1078
20260303T1730-dusk,2026-03-03T17:30:00-08:00,dusk,6.4,,5.02,2.3,5.5,272,242,1903,72,0.1078
20260304T0600-dawn,2026-03-04T06:00:00-08:00,dawn,7.8,,2.71,1.7,4.8,267,164,1753,72,0.1078
20260304T1730-dusk,2026-03-04T17:30:00-08:00,dusk,6.6,,4.74,2.3,5.4,273,255,1677,72,0.1078
20260305T0600-dawn,2026-03-05T06:00:00-08:00,dawn,5.0,,9.07,3.3,6.6,274,211,1835,72,0.1069
20260305T1730-dusk,2026-03-05T17:30:00-08:00,dusk,2.9,,12.09,3.2,6.0,274,303,2192,72,0.1069
20260306T0600-dawn,2026-03-06T06:00:00-08:00,dawn,3.6,,9.07,3.3,7.0,276,361,2650,72,0.2988
20260306T1730-dusk,2026-03-06T17:30:00-08:00,dusk,4.9,,5.77,2.6,7.2,276,454,2638,72,0.2988
20260307T0600-dawn,2026-03-07T06:00:00-08:00,dawn,4.7,,3.68,2.1,6.9,277,515,2442,72,0.1367
20260307T1730-dusk,2026-03-07T17:30:00-08:00,dusk,5.7,,2.98,1.9,7.2,278,1509,2248,72,0.1367
20260308T0600-dawn,2026-03-08T06:00:00-07:00,dawn,7.2,,1.92,1.6,6.9,280,1421,1867,72,0.1423
20260308T1730-dusk,2026-03-08T17:30:00-07:00,dusk,7.0,,1.94,1.4,6.8,277,1432,1534,72,0.1423
20260309T0600-dawn,2026-03-09T06:00:00-07:00,dawn,6.9,,2.64,1.5,6.8,171,1379,1246,72,0.1208
20260309T1730-dusk,2026-03-09T17:30:00-07:00,dusk,7.3,,2.31,1.4,9.7,215,951,1232,72,0.1208
20260310T0600-dawn,2026-03-10T06:00:00-07:00,dawn,7.9,,2.3,1.8,7.1,280,549,1251,72,0.1189
20260310T1730-dusk,2026-03-10T17:30:00-07:00,dusk,7.7,,2.42,1.9,10.0,246,469,1429,72,0.1189
20260311T0600-dawn,2026-03-11T06:00:00-07:00,dawn,8.3,,1.55,2.6,16.1,186,244,2055,72,0.1168
20260311T1730-dusk,2026-03-11T17:30:00-07:00,dusk,7.0,,2.88,3.1,15.2,186,309,2715,72,0.1168
20260312T0600-dawn,2026-03-12T06:00:00-07:00,dawn,6.5,,3.7,3.7,14.8,186,259,3815,72,0.0926
20260312T1730-dusk,2026-03-12T17:30:00-07:00,dusk,4.2,,5.52,3.6,13.8,187,367,4633,72,0.0926
20260313T0600-dawn,2026-03-13T06:00:00-07:00,dawn,5.3,,5.25,3.5,13.4,185,378,5009,72,0.0793
20260313T1730-dusk,2026-03-13T17:30:00-07:00,dusk,5.8,,4.42,2.8,12.5,187,265,4931,72,0.0793
20260314T0600-dawn,2026-03-14T06:00:00-07:00,dawn,6.2,,4.06,2.5,11.7,186,239,4479,72,0.0842
20260314T1730-dusk,2026-03-14T17:30:00-07:00,dusk,6.4,,3.55,2.3,11.2,185,341,4100,72,0.0842
20260315T0600-dawn,2026-03-15T06:00:00-07:00,dawn,5.7,,5.55,2.3,9.0,214,254,3646,72,0.0726
20260315T1730-dusk,2026-03-15T17:30:00-07:00,dusk,7.7,,1.97,1.9,12.7,187,245,3337,72,0.0726
20260316T0600-dawn,2026-03-16T06:00:00-07:00,dawn,6.9,,3.17,2.8,13.5,185,185,3193,72,0.1308
20260316T1730-dusk,2026-03-16T17:30:00-07:00,dusk,6.4,,4.0,3.0,13.3,187,233,3307,72,0.1308
20260317T0600-dawn,2026-03-17T06:00:00-07:00,dawn,5.8,,5.34,3.3,13.1,184,181,3595,72,0.1088
20260317T1730-dusk,2026-03-17T17:30:00-07:00,dusk,5.7,,5.31,3.0,12.0,187,187,3658,72,0.1088
20260318T0600-dawn,2026-03-18T06:00:00-07:00,dawn,5.8,,5.36,3.1,12.2,187,173,3519,72,0.1082
20260318T1730-dusk,2026-03-18T17:30:00-07:00,dusk,5.6,,5.35,2.8,11.0,185,212,3335,72,0.1082
20260319T0600-dawn,2026-03-19T06:00:00-07:00,dawn,6.2,,4.98,2.4,10.3,189,228,2892,72,0.0837
20260319T1730-dusk,2026-03-19T17:30:00-07:00,dusk,6.4,,4.41,2.2,10.1,187,209,2527,72,0.0837
20260320T0600-dawn,2026-03-20T06:00:00-07:00,dawn,6.7,,4.37,2.1,9.7,183,206,2389,72,0.1016
20260320T1730-dusk,2026-03-20T17:30:00-07:00,dusk,7.6,,2.67,1.8,10.5,191,211,2116,72,0.1016
20260321T0600-dawn,2026-03-21T06:00:00-07:00,dawn,7.4,,3.23,2.0,10.5,188,187,1947,72,0.1009
20260321T1730-dusk,2026-03-21T17:30:00-07:00,dusk,7.7,,2.69,2.0,11.2,191,211,1919,72,0.1009
20260322T0600-dawn,2026-03-22T06:00:00-07:00,dawn,7.9,,2.45,1.9,11.4,189,172,1859,72,0.1109
20260322T1730-dusk,2026-03-22T17:30:00-07:00,dusk,6.9,,4.07,1.9,8.0,237,239,1830,72,0.1109
20260323T0600-dawn,2026-03-23T06:00:00-07:00,dawn,7.7,,2.78,1.8,6.3,273,184,1756,72,0.091
20260323T1730-dusk,2026-03-23T17:30:00-07:00,dusk,7.7,,2.67,1.8,5.5,275,241,1689,72,0.091
20260324T0600-dawn,2026-03-24T06:00:00-07:00,dawn,8.7,,1.39,1.3,10.6,191,224,1545,72,0.0792
20260324T1730-dusk,2026-03-24T17:30:00-07:00,dusk,8.6,,1.48,1.7,12.6,193,226,1432,72,0.0792
20260325T0600-dawn,2026-03-25T06:00:00-07:00,dawn,8.5,,1.7,1.8,12.6,195,183,1371,72,0.1052
20260325T1730-dusk,2026-03-25T17:30:00-07:00,dusk,8.4,,1.68,1.7,12.2,192,259,1323,72,0.1052
20260326T0600-dawn,2026-03-26T06:00:00-07:00,dawn,8.4,,1.89,1.8,11.8,188,224,1306,72,0.1011
20260326T1730-dusk,2026-03-26T17:30:00-07:00,dusk,6.7,,4.65,2.4,6.8,278,276,1544,72,0.1011
20260327T0600-dawn,2026-03-27T06:00:00-07:00,dawn,7.2,,3.7,2.2,7.1,278,207,1706,72,0.1047
20260327T1730-dusk,2026-03-27T17:30:00-07:00,dusk,8.3,,1.55,1.6,12.0,192,215,1729,72,0.1047
20260328T0600-dawn,2026-03-28T06:00:00-07:00,dawn,8.5,,1.83,1.8,12.2,193,165,1683,72,0.0594
20260328T1730-dusk,2026-03-28T17:30:00-07:00,dusk,8.3,,1.98,1.7,11.6,193,191,1617,72,0.0594
20260329T0600-dawn,2026-03-29T06:00:00-07:00,dawn,8.8,,1.31,1.4,11.0,192,197,1477,72,0.0883
20260329T1730-dusk,2026-03-29T17:30:00-07:00,dusk,8.7,,1.32,1.4,11.0,190,245,1331,72,0.0883
20260330T0600-dawn,2026-03-30T06:00:00-07:00,dawn,8.2,,2.24,1.7,10.6,187,192,1338,72,0.0883
20260330T1730-dusk,2026-03-30T17:30:00-07:00,dusk,7.7,,2.54,1.5,9.7,188,364,1192,72,0.0883
20260331T0600-dawn,2026-03-31T06:00:00-07:00,dawn,8.1,,2.4,1.7,10.3,186,358,1030,72,0.0883
20260331T1730-dusk,2026-03-31T17:30:00-07:00,dusk,7.9,,2.43,1.4,8.4,185,540,998,72,0.0883
20260401T0600-dawn,2026-04-01T06:00:00-07:00,dawn,8.7,,1.51,1.5,11.7,187,398,905,72,0.1015
20260401T1730-dusk,2026-04-01T17:30:00-07:00,dusk,7.6,,2.57,1.8,11.0,187,447,921,72,0.1015
20260402T0600-dawn,2026-04-02T06:00:00-07:00,dawn,8.2,,2.15,1.8,11.8,182,359,977,72,0.1115
20260402T1730-dusk,2026-04-02T17:30:00-07:00,dusk,6.7,,4.32,2.0,4.2,261,412,1157,72,0.1115
20260403T0600-dawn,2026-04-03T06:00:00-07:00,dawn,5.4,,8.41,2.9,5.4,268,327,1431,72,0.0679
20260403T1730-dusk,2026-04-03T17:30:00-07:00,dusk,6.8,,4.41,2.2,6.3,274,307,1722,72,0.0679
20260404T0600-dawn,2026-04-04T06:00:00-07:00,dawn,7.8,,2.7,1.8,6.8,273,239,1743,72,0.0704
20260404T1730-dusk,2026-04-04T17:30:00-07:00,dusk,8.0,,1.69,2.0,13.6,185,401,1769,72,0.0704
20260405T0600-dawn,2026-04-05T06:00:00-07:00,dawn,7.7,,2.49,2.4,13.4,181,333,1957,72,0.1174
20260405T1730-dusk,2026-04-05T17:30:00-07:00,dusk,6.9,,3.56,2.6,12.7,181,332,2200,72,0.1174
20260406T0600-dawn,2026-04-06T06:00:00-07:00,dawn,6.6,,4.35,2.7,12.1,181,295,2359,72,0.101
20260406T1730-dusk,2026-04-06T17:30:00-07:00,dusk,6.8,,3.69,2.4,11.6,183,436,2455,72,0.101
20260407T0600-dawn,2026-04-07T06:00:00-07:00,dawn,5.5,,6.15,2.5,4.3,270,300,2467,72,0.1192
20260407T1730-dusk,2026-04-07T17:30:00-07:00,dusk,6.5,,3.8,2.4,11.6,185,392,2610,72,0.1192
20260408T0600-dawn,2026-04-08T06:00:00-07:00,dawn,6.3,,4.64,2.3,5.1,274,305,2505,72,0.1168
20260408T1730-dusk,2026-04-08T17:30:00-07:00,dusk,6.7,,3.49,2.1,10.7,185,348,2518,72,0.1168
20260409T0600-dawn,2026-04-09T06:00:00-07:00,dawn,6.3,,4.52,2.1,4.4,268,349,2473,72,0.1168
20260409T1730-dusk,2026-04-09T17:30:00-07:00,dusk,7.2,,2.79,2.5,13.3,193,417,2578,72,0.1168
20260410T0600-dawn,2026-04-10T06:00:00-07:00,dawn,7.0,,3.23,2.7,13.3,193,304,2768,72,0.1025
20260410T1730-dusk,2026-04-10T17:30:00-07:00,dusk,6.2,,4.06,3.1,13.4,192,404,2945,72,0.1025
20260411T0600-dawn,2026-04-11T06:00:00-07:00,dawn,5.9,,4.96,3.2,13.1,191,309,3361,72,0.1163
20260411T1730-dusk,2026-04-11T17:30:00-07:00,dusk,4.9,,5.95,3.2,12.3,192,438,3807,72,0.1163
20260412T0600-dawn,2026-04-12T06:00:00-07:00,dawn,5.0,,6.33,3.1,11.6,190,363,3931,72,0.1163
20260412T1730-dusk,2026-04-12T17:30:00-07:00,dusk,4.0,"post-rain (1h since ≥0.2"")",5.48,2.9,11.4,189,570,3759,1,0.1163
20260413T0600-dawn,2026-04-13T06:00:00-07:00,dawn,3.7,"post-rain (1h since ≥0.2"")",11.07,3.2,9.6,215,417,3810,1,0.092
20260413T1730-dusk,2026-04-13T17:30:00-07:00,dusk,4.0,"post-rain (7h since ≥0.2"")",5.18,2.4,11.3,191,595,3942,7,0.092
20260414T0600-dawn,2026-04-14T06:00:00-07:00,dawn,4.0,"post-rain (20h since ≥0.2"")",6.71,2.6,4.4,270,526,3656,20,0.062
20260414T1730-dusk,2026-04-14T17:30:00-07:00,dusk,4.0,"post-rain (31h since ≥0.2"")",4.09,1.9,6.9,244,540,3295,31,0.062
20260415T0600-dawn,2026-04-15T06:00:00-07:00,dawn,4.0,"post-rain (44h since ≥0.2"")",5.34,2.4,5.0,272,413,2853,44,0.0917
20260415T1730-dusk,2026-04-15T17:30:00-07:00,dusk,4.0,"post-rain (55h since ≥0.2"")",4.69,2.2,6.5,264,419,2680,55,0.0917
20260416T0600-dawn,2026-04-16T06:00:00-07:00,dawn,4.0,"post-rain (68h since ≥0.2"")",6.14,2.2,7.4,233,313,2589,68,0.0917
20260416T1730-dusk,2026-04-16T17:30:00-07:00,dusk,6.6,,3.98,2.1,5.2,274,382,2440,72,0.0917
20260417T0600-dawn,2026-04-17T06:00:00-07:00,dawn,5.6,,5.63,2.3,7.2,255,396,2356,72,0.1561
20260417T1730-dusk,2026-04-17T17:30:00-07:00,dusk,5.8,,4.97,2.4,6.1,273,475,2503,72,0.1561
20260418T0600-dawn,2026-04-18T06:00:00-07:00,dawn,7.5,,2.46,2.1,12.1,189,386,2421,72,0.1139
20260418T1730-dusk,2026-04-18T17:30:00-07:00,dusk,7.3,,2.51,2.1,12.0,187,352,2244,72,0.1139
20260419T0600-dawn,2026-04-19T06:00:00-07:00,dawn,7.5,,2.79,2.1,11.8,187,286,2035,72,0.1205
20260419T1730-dusk,2026-04-19T17:30:00-07:00,dusk,7.4,,2.62,2.1,11.9,189,353,1939,72,0.1205
20260420T0600-dawn,2026-04-20T06:00:00-07:00,dawn,7.4,,3.23,2.4,12.4,186,257,1884,72,0.1033
20260420T1730-dusk,2026-04-20T17:30:00-07:00,dusk,7.3,,2.84,2.2,11.9,188,374,1889,72,0.1033
20260421T0600-dawn,2026-04-21T06:00:00-07:00,dawn,7.8,,2.6,2.0,11.3,189,315,1786,72,0.0843
20260421T1730-dusk,2026-04-21T17:30:00-07:00,dusk,6.9,,3.6,2.2,9.2,279,403,1836,72,0.0843
20260422T0600-dawn,2026-04-22T06:00:00-07:00,dawn,6.3,,4.94,2.4,7.0,272,385,2089,72,0.1261
20260422T1730-dusk,2026-04-22T17:30:00-07:00,dusk,4.5,,5.98,2.1,10.8,227,764,2267,72,0.1261
20260423T0600-dawn,2026-04-23T06:00:00-07:00,dawn,4.3,,9.67,3.2,5.5,269,678,2516,72,0.0993
20260423T1730-dusk,2026-04-23T17:30:00-07:00,dusk,5.4,,5.77,2.5,5.1,271,634,2690,72,0.0993
20260424T0600-dawn,2026-04-24T06:00:00-07:00,dawn,5.6,,5.6,2.3,7.6,240,473,2708,72,0.1084
20260424T1730-dusk,2026-04-24T17:30:00-07:00,dusk,4.5,,7.34,2.5,5.2,266,651,2664,72,0.1084
20260425T0600-dawn,2026-04-25T06:00:00-07:00,dawn,5.0,,7.46,2.7,4.6,268,528,2637,72,0.1084
20260425T1730-dusk,2026-04-25T17:30:00-07:00,dusk,6.0,,4.13,1.9,4.1,268,758,2433,72,0.1084
20260426T0600-dawn,2026-04-26T06:00:00-07:00,dawn,6.6,,3.88,1.8,10.2,190,652,2110,72,0.13
20260426T1730-dusk,2026-04-26T17:30:00-07:00,dusk,4.0,"post-rain (1h since ≥0.2"")",4.21,1.8,4.7,256,899,1896,1,0.13
20260427T0600-dawn,2026-04-27T06:00:00-07:00,dawn,4.0,"post-rain (13h since ≥0.2"")",2.6,1.5,9.1,194,636,1696,13,0.1516
20260427T1730-dusk,2026-04-27T17:30:00-07:00,dusk,4.0,"post-rain (24h since ≥0.2"")",0.77,1.2,14.7,194,737,1529,24,0.1516
20260428T0600-dawn,2026-04-28T06:00:00-07:00,dawn,4.0,"post-rain (37h since ≥0.2"")",3.28,1.8,6.4,246,568,1452,37,0.1516
20260428T1730-dusk,2026-04-28T17:30:00-07:00,dusk,4.0,"post-rain (48h since ≥0.2"")",1.8,1.6,12.3,191,566,1442,48,0.1516
20260429T0600-dawn,2026-04-29T06:00:00-07:00,dawn,4.0,"post-rain (61h since ≥0.2"")",1.53,1.7,12.7,188,461,1455,61,0.1516
20260429T1730-dusk,2026-04-29T17:30:00-07:00,dusk,7.0,,3.13,1.7,5.6,251,481,1438,72,0.1516
20260430T0600-dawn,2026-04-30T06:00:00-07:00,dawn,6.1,,5.3,2.3,5.1,269,383,1539,72,0.1516
20260430T1730-dusk,2026-04-30T17:30:00-07:00,dusk,6.7,,3.55,1.9,5.4,270,569,1578,72,0.1516
20260501T0600-dawn,2026-05-01T06:00:00-07:00,dawn,5.1,,7.88,2.9,5.6,271,486,1587,72,0.0968
20260501T1730-dusk,2026-05-01T17:30:00-07:00,dusk,6.7,,3.82,1.8,5.6,248,540,1630,72,0.0968
20260502T0600-dawn,2026-05-02T06:00:00-07:00,dawn,8.5,,1.31,1.2,10.1,183,443,1510,72,0.117
20260502T1730-dusk,2026-05-02T17:30:00-07:00,dusk,8.0,,1.61,1.2,12.4,191,460,1514,72,0.117
20260503T0600-dawn,2026-05-03T06:00:00-07:00,dawn,8.3,,1.7,1.8,12.8,191,366,1524,72,0.117
20260503T1730-dusk,2026-05-03T17:30:00-07:00,dusk,7.8,,1.99,1.8,12.8,192,463,1537,72,0.117
20260504T0600-dawn,2026-05-04T06:00:00-07:00,dawn,7.9,,1.93,1.7,12.3,194,500,1689,72,0.1337
20260504T1730-dusk,2026-05-04T17:30:00-07:00,dusk,7.7,,1.6,1.7,12.7,234,682,1864,72,0.1337
20260505T0600-dawn,2026-05-05T06:00:00-07:00,dawn,4.0,"post-rain (1h since ≥0.2"")",2.74,2.1,12.6,195,505,2015,1,0.153
20260505T1730-dusk,2026-05-05T17:30:00-07:00,dusk,4.0,"post-rain (1h since ≥0.2"")",3.12,2.2,12.5,194,657,2213,1,0.153
20260506T0600-dawn,2026-05-06T06:00:00-07:00,dawn,4.0,"post-rain (8h since ≥0.2"")",2.58,2.2,12.4,194,465,2362,8,0.1297
20260506T1730-dusk,2026-05-06T17:30:00-07:00,dusk,4.0,"post-rain (19h since ≥0.2"")",2.67,2.0,12.1,193,509,2312,19,0.1297
20260507T0600-dawn,2026-05-07T06:00:00-07:00,dawn,4.0,"post-rain (32h since ≥0.2"")",4.32,2.1,4.2,268,436,2182,32,0.1307
20260507T1730-dusk,2026-05-07T17:30:00-07:00,dusk,4.0,"post-rain (43h since ≥0.2"")",4.09,1.8,8.1,215,459,2103,43,0.1307
20260508T0600-dawn,2026-05-08T06:00:00-07:00,dawn,4.0,"post-rain (56h since ≥0.2"")",4.48,2.2,4.7,269,425,2033,56,0.101
20260508T1730-dusk,2026-05-08T17:30:00-07:00,dusk,4.0,"post-rain (67h since ≥0.2"")",4.21,2.2,5.1,272,486,2009,67,0.101
20260509T0600-dawn,2026-05-09T06:00:00-07:00,dawn,5.5,,6.86,2.8,5.9,275,370,2023,72,0.101
20260509T1730-dusk,2026-05-09T17:30:00-07:00,dusk,8.0,,1.62,2.0,13.2,230,399,2269,72,0.101
20260510T0600-dawn,2026-05-10T06:00:00-07:00,dawn,6.2,,5.08,2.4,5.3,273,289,2407,72,0.0983
20260510T1730-dusk,2026-05-10T17:30:00-07:00,dusk,7.5,,1.92,2.6,15.0,189,354,2771,72,0.0983
20260511T0600-dawn,2026-05-11T06:00:00-07:00,dawn,7.3,,2.14,2.7,14.0,188,305,3191,72,0.1616
20260511T1730-dusk,2026-05-11T17:30:00-07:00,dusk,6.2,,3.32,2.8,13.7,186,369,3479,72,0.1616
20260512T0600-dawn,2026-05-12T06:00:00-07:00,dawn,6.7,,2.84,2.5,13.2,188,314,3710,72,0.1616
20260512T1730-dusk,2026-05-12T17:30:00-07:00,dusk,5.8,,3.58,2.6,12.9,186,461,3621,72,0.1616
20260513T0600-dawn,2026-05-13T06:00:00-07:00,dawn,6.7,,3.2,2.4,12.6,188,369,3592,72,0.1162
20260513T1730-dusk,2026-05-13T17:30:00-07:00,dusk,6.6,,2.94,2.2,12.1,189,423,3354,72,0.1162
20260514T0600-dawn,2026-05-14T06:00:00-07:00,dawn,6.7,,3.21,2.7,13.2,191,404,3221,72,0.1162
20260514T1730-dusk,2026-05-14T17:30:00-07:00,dusk,6.1,,3.62,3.0,13.5,190,485,3459,72,0.1162
20260515T0600-dawn,2026-05-15T06:00:00-07:00,dawn,5.6,,4.91,3.2,13.1,188,393,3734,72,0.1162
20260515T1730-dusk,2026-05-15T17:30:00-07:00,dusk,4.9,,5.64,2.9,11.8,198,528,4164,72,0.1162
20260516T0600-dawn,2026-05-16T06:00:00-07:00,dawn,4.0,,9.04,2.9,7.5,253,498,4194,72,0.1162
20260516T1730-dusk,2026-05-16T17:30:00-07:00,dusk,2.9,,11.17,3.6,7.4,277,646,4309,72,0.1162
20260517T0600-dawn,2026-05-17T06:00:00-07:00,dawn,2.7,,11.51,3.7,6.3,277,704,4989,72,0.0894
20260517T1730-dusk,2026-05-17T17:30:00-07:00,dusk,3.0,,10.36,3.8,7.9,280,821,5303,72,0.0894
20260518T0600-dawn,2026-05-18T06:00:00-07:00,dawn,2.7,,12.06,3.8,8.1,279,797,4982,72,0.0886
20260518T1730-dusk,2026-05-18T17:30:00-07:00,dusk,4.0,,7.08,3.0,7.5,278,818,4779,72,0.0886
20260519T0600-dawn,2026-05-19T06:00:00-07:00,dawn,6.2,,3.58,2.4,12.0,192,554,4270,72,0.0886
20260519T1730-dusk,2026-05-19T17:30:00-07:00,dusk,5.2,,3.95,2.3,13.2,187,658,3966,72,0.0886
20260520T0600-dawn,2026-05-20T06:00:00-07:00,dawn,6.9,,2.67,2.2,12.6,189,536,3519,72,0.0981
20260520T1730-dusk,2026-05-20T17:30:00-07:00,dusk,6.2,,2.99,2.3,13.2,192,518,3248,72,0.0981
20260521T0600-dawn,2026-05-21T06:00:00-07:00,dawn,6.8,,3.33,2.5,12.8,192,506,3111,72,0.0753
20260521T1730-dusk,2026-05-21T17:30:00-07:00,dusk,6.4,,3.77,2.6,12.6,190,538,3097,72,0.0753
20260522T0600-dawn,2026-05-22T06:00:00-07:00,dawn,6.2,,4.47,2.9,12.5,190,419,3169,72,0.0757
20260522T1730-dusk,2026-05-22T17:30:00-07:00,dusk,6.3,,3.84,2.4,11.8,191,526,3106,72,0.0757
20260523T0600-dawn,2026-05-23T06:00:00-07:00,dawn,6.7,,3.75,2.4,11.4,192,408,2901,72,0.0787
20260523T1730-dusk,2026-05-23T17:30:00-07:00,dusk,5.8,,4.66,2.5,11.7,192,447,2743,72,0.0787
20260524T0600-dawn,2026-05-24T06:00:00-07:00,dawn,6.5,,4.16,2.0,9.7,191,421,2656,72,0.0787
20260524T1730-dusk,2026-05-24T17:30:00-07:00,dusk,6.1,,4.09,2.3,12.5,196,675,2453,72,0.0787
20260525T0600-dawn,2026-05-25T06:00:00-07:00,dawn,7.0,,3.28,2.6,13.0,196,591,2278,72,0.0787
20260525T1730-dusk,2026-05-25T17:30:00-07:00,dusk,5.7,,4.53,2.8,13.3,194,677,2471,72,0.0787
20260526T0600-dawn,2026-05-26T06:00:00-07:00,dawn,6.1,,4.65,3.1,13.1,192,550,2920,72,0.0868
20260526T1730-dusk,2026-05-26T17:30:00-07:00,dusk,5.2,,5.24,2.9,12.5,192,651,3294,72,0.0868
20260527T0600-dawn,2026-05-27T06:00:00-07:00,dawn,2.0,,16.02,4.0,5.3,270,775,3785,72,0.142
20260527T1730-dusk,2026-05-27T17:30:00-07:00,dusk,3.4,,8.58,2.9,8.5,258,983,4208,72,0.142
20260528T0600-dawn,2026-05-28T06:00:00-07:00,dawn,4.4,,6.89,2.8,6.7,272,746,4223,72,0.1356
20260528T1730-dusk,2026-05-28T17:30:00-07:00,dusk,4.9,,5.09,2.2,10.2,207,767,3925,72,0.1356
20260529T0600-dawn,2026-05-29T06:00:00-07:00,dawn,7.1,,2.03,1.9,12.4,194,593,3489,72,0.1562
20260529T1730-dusk,2026-05-29T17:30:00-07:00,dusk,6.5,,2.57,1.9,12.3,194,662,3117,72,0.1562
20260530T0600-dawn,2026-05-30T06:00:00-07:00,dawn,7.9,,1.25,1.5,11.1,252,578,2796,72,0.1562
20260530T1730-dusk,2026-05-30T17:30:00-07:00,dusk,7.5,,1.4,1.5,11.4,252,598,2642,72,0.1562
20260531T0600-dawn,2026-05-31T06:00:00-07:00,dawn,4.7,,8.43,3.1,6.0,273,440,2826,72,0.1168
20260531T1730-dusk,2026-05-31T17:30:00-07:00,dusk,5.0,,6.04,2.8,9.6,248,445,3235,72,0.1168
20260601T0600-dawn,2026-06-01T06:00:00-07:00,dawn,7.2,,2.32,3.1,15.4,195,351,3741,72,0.1168
20260601T1730-dusk,2026-06-01T17:30:00-07:00,dusk,5.9,,3.59,3.6,15.0,193,458,4366,72,0.1168
20260602T0600-dawn,2026-06-02T06:00:00-07:00,dawn,5.9,,3.96,3.6,14.0,191,403,5057,72,0.0996
20260602T1730-dusk,2026-06-02T17:30:00-07:00,dusk,5.5,,3.88,3.4,14.0,188,483,5198,72,0.0996
20260603T0600-dawn,2026-06-03T06:00:00-07:00,dawn,5.0,,5.64,3.2,12.4,190,427,5182,72,0.1096
20260603T1730-dusk,2026-06-03T17:30:00-07:00,dusk,5.1,,5.08,2.8,11.7,190,456,4853,72,0.1096
20260604T0600-dawn,2026-06-04T06:00:00-07:00,dawn,6.6,,2.86,2.3,12.5,194,390,4536,72,0.1096
20260604T1730-dusk,2026-06-04T17:30:00-07:00,dusk,6.3,,2.96,3.1,14.0,194,442,4461,72,0.1096
20260605T0600-dawn,2026-06-05T06:00:00-07:00,dawn,6.8,,2.53,3.0,14.3,191,352,4584,72,0.1096
20260605T1730-dusk,2026-06-05T17:30:00-07:00,dusk,5.3,,4.48,3.6,13.8,196,458,4983,72,0.1096
20260606T0600-dawn,2026-06-06T06:00:00-07:00,dawn,4.6,,5.93,3.7,13.3,195,395,5794,72,0.1096
20260606T1730-dusk,2026-06-06T17:30:00-07:00,dusk,4.6,,5.15,3.4,13.3,191,512,6052,72,0.1096
20260607T0600-dawn,2026-06-07T06:00:00-07:00,dawn,4.5,,6.37,3.4,12.6,190,414,5831,72,0.0745
20260607T1730-dusk,2026-06-07T17:30:00-07:00,dusk,4.2,,6.48,3.4,12.2,189,460,5884,72,0.0745
20260608T0600-dawn,2026-06-08T06:00:00-07:00,dawn,4.3,,6.7,3.0,10.8,187,361,6159,72,0.0809
20260608T1730-dusk,2026-06-08T17:30:00-07:00,dusk,4.8,,4.67,4.2,15.1,188,429,6573,72,0.0809
20260609T0600-dawn,2026-06-09T06:00:00-07:00,dawn,4.5,,5.51,4.6,14.9,189,351,7340,72,0.0809
20260609T1730-dusk,2026-06-09T17:30:00-07:00,dusk,3.4,,6.57,4.9,14.7,187,471,8272,72,0.0809
20260610T0600-dawn,2026-06-10T06:00:00-07:00,dawn,3.1,,8.02,5.1,14.0,187,384,9488,72,0.0809
20260610T1730-dusk,2026-06-10T17:30:00-07:00,dusk,1.6,,11.59,4.9,13.1,187,463,10155,72,0.0809
20260611T0600-dawn,2026-06-11T06:00:00-07:00,dawn,1.7,,12.14,4.8,12.6,188,430,10173,72,0.0671
20260611T1730-dusk,2026-06-11T17:30:00-07:00,dusk,2.6,,8.9,3.7,11.4,188,434,9418,72,0.0671
20260612T0600-dawn,2026-06-12T06:00:00-07:00,dawn,2.8,,9.95,4.0,11.6,187,329,8001,72,0.1197
20260612T1730-dusk,2026-06-12T17:30:00-07:00,dusk,2.4,,9.78,3.5,11.2,188,520,7050,72,0.1197
20260613T0600-dawn,2026-06-13T06:00:00-07:00,dawn,4.0,,7.37,3.6,12.2,189,469,6083,72,0.1293
20260613T1730-dusk,2026-06-13T17:30:00-07:00,dusk,3.6,,7.85,3.5,12.4,190,556,5395,72,0.1293
20260614T0600-dawn,2026-06-14T06:00:00-07:00,dawn,4.2,,7.45,3.8,12.8,191,488,5076,72,0.1542
20260614T1730-dusk,2026-06-14T17:30:00-07:00,dusk,3.0,,9.41,3.7,12.4,189,605,4843,72,0.1542
20260615T0600-dawn,2026-06-15T06:00:00-07:00,dawn,4.2,,7.09,3.4,11.9,191,543,4920,72,0.1542
20260615T1730-dusk,2026-06-15T17:30:00-07:00,dusk,3.5,,7.97,3.2,11.8,190,690,4684,72,0.1542
20260616T0600-dawn,2026-06-16T06:00:00-07:00,dawn,4.4,,6.37,3.4,12.6,193,579,4601,72,0.1892
20260616T1730-dusk,2026-06-16T17:30:00-07:00,dusk,3.4,,8.49,3.5,12.1,190,628,4688,72,0.1892
20260617T0600-dawn,2026-06-17T06:00:00-07:00,dawn,4.1,,7.17,3.8,12.8,195,517,4941,72,0.1892
20260617T1730-dusk,2026-06-17T17:30:00-07:00,dusk,4.1,,6.49,3.5,12.7,194,444,5117,72,0.1892
20260618T0600-dawn,2026-06-18T06:00:00-07:00,dawn,4.9,,5.76,3.0,11.7,196,357,4801,72,0.1421
20260618T1730-dusk,2026-06-18T17:30:00-07:00,dusk,4.3,,6.36,2.3,9.6,189,446,4414,72,0.1421
20260619T0600-dawn,2026-06-19T06:00:00-07:00,dawn,5.7,,4.45,2.7,12.1,200,431,4124,72,0.1476
20260619T1730-dusk,2026-06-19T17:30:00-07:00,dusk,4.7,,5.63,2.8,12.8,189,592,3752,72,0.1476
20260620T0600-dawn,2026-06-20T06:00:00-07:00,dawn,6.0,,4.19,2.8,12.7,193,515,3496,72,0.1476
20260620T1730-dusk,2026-06-20T17:30:00-07:00,dusk,4.4,,6.4,3.2,12.9,194,618,3400,72,0.1476
20260621T0600-dawn,2026-06-21T06:00:00-07:00,dawn,5.9,,4.63,3.0,12.7,192,518,3420,72,0.1363
20260621T1730-dusk,2026-06-21T17:30:00-07:00,dusk,4.4,,6.66,3.0,12.0,193,501,3462,72,0.1363
20260622T0600-dawn,2026-06-22T06:00:00-07:00,dawn,5.6,,5.16,2.9,12.0,193,465,3349,72,0.1394
20260622T1730-dusk,2026-06-22T17:30:00-07:00,dusk,5.7,,4.65,2.7,11.6,193,472,3205,72,0.1394
20260623T0600-dawn,2026-06-23T06:00:00-07:00,dawn,5.9,,5.04,3.0,12.5,193,367,3204,72,0.105
20260623T1730-dusk,2026-06-23T17:30:00-07:00,dusk,5.7,,4.76,3.2,13.2,194,409,3363,72,0.105
20260624T0600-dawn,2026-06-24T06:00:00-07:00,dawn,5.9,,5.02,3.3,13.2,191,305,3473,72,0.105
20260624T1730-dusk,2026-06-24T17:30:00-07:00,dusk,5.0,,6.13,3.5,13.1,189,384,3749,72,0.105
20260625T0600-dawn,2026-06-25T06:00:00-07:00,dawn,5.3,,5.86,3.3,12.5,192,309,4042,72,0.105
20260625T1730-dusk,2026-06-25T17:30:00-07:00,dusk,5.5,,4.98,2.9,12.3,191,380,3902,72,0.105
20260626T0600-dawn,2026-06-26T06:00:00-07:00,dawn,6.2,,4.32,2.8,12.6,189,321,3639,72,0.105
20260626T1730-dusk,2026-06-26T17:30:00-07:00,dusk,6.4,,3.46,2.2,11.2,189,425,3326,72,0.105
20260627T0600-dawn,2026-06-27T06:00:00-07:00,dawn,6.7,,3.37,2.8,13.3,189,359,3041,72,0.1252
20260627T1730-dusk,2026-06-27T17:30:00-07:00,dusk,6.1,,4.13,2.9,13.0,189,500,3072,72,0.1252
20260628T0600-dawn,2026-06-28T06:00:00-07:00,dawn,4.1,,10.03,3.0,6.1,249,411,3336,72,0.1086
20260628T1730-dusk,2026-06-28T17:30:00-07:00,dusk,4.4,,7.71,2.4,8.3,216,573,3440,72,0.1086
20260629T0600-dawn,2026-06-29T06:00:00-07:00,dawn,5.1,,6.35,2.7,6.1,273,513,3389,72,0.0724
20260629T1730-dusk,2026-06-29T17:30:00-07:00,dusk,6.3,,3.33,2.4,13.1,190,533,3377,72,0.0724
20260630T0600-dawn,2026-06-30T06:00:00-07:00,dawn,7.0,,2.73,2.5,13.3,192,498,3268,72,0.1041
20260630T1730-dusk,2026-06-30T17:30:00-07:00,dusk,6.3,,3.48,2.6,13.2,190,510,3225,72,0.1041
20260701T0600-dawn,2026-07-01T06:00:00-07:00,dawn,6.8,,3.16,2.3,12.1,190,411,3078,72,0.1041
20260701T1730-dusk,2026-07-01T17:30:00-07:00,dusk,6.4,,3.5,2.5,12.9,190,498,3113,72,0.1041
20260702T0600-dawn,2026-07-02T06:00:00-07:00,dawn,6.6,,3.76,2.7,12.9,190,381,3119,72,0.1005
20260702T1730-dusk,2026-07-02T17:30:00-07:00,dusk,5.7,,4.73,2.7,12.6,190,465,3146,72,0.1005
20260703T0600-dawn,2026-07-03T06:00:00-07:00,dawn,6.1,,4.65,3.0,12.8,188,425,3232,72,0.1005
20260703T1730-dusk,2026-07-03T17:30:00-07:00,dusk,5.6,,5.24,2.9,12.3,186,451,3294,72,0.1005
20260704T0600-dawn,2026-07-04T06:00:00-07:00,dawn,6.0,,4.71,3.0,12.8,188,390,3353,72,0.104
20260704T1730-dusk,2026-07-04T17:30:00-07:00,dusk,5.3,,5.53,2.9,11.8,190,385,3333,72,0.104
20260705T0600-dawn,2026-07-05T06:00:00-07:00,dawn,5.6,,5.43,2.8,11.2,192,328,3217,72,0.1348
20260705T1730-dusk,2026-07-05T17:30:00-07:00,dusk,5.0,,5.76,3.0,12.0,191,411,3240,72,0.1348
20260706T0600-dawn,2026-07-06T06:00:00-07:00,dawn,6.0,,4.48,2.9,12.6,193,389,3338,72,0.1348
20260706T1730-dusk,2026-07-06T17:30:00-07:00,dusk,4.4,,6.76,2.6,11.4,203,547,3399,72,0.1348
20260707T0600-dawn,2026-07-07T06:00:00-07:00,dawn,3.7,,11.05,3.0,8.7,218,469,3532,72,0.112
20260707T1730-dusk,2026-07-07T17:30:00-07:00,dusk,5.2,,5.13,2.8,12.5,201,528,3776,72,0.112
20260708T0600-dawn,2026-07-08T06:00:00-07:00,dawn,3.2,,12.68,3.7,5.6,271,434,4206,72,0.0551
20260708T1730-dusk,2026-07-08T17:30:00-07:00,dusk,5.2,,5.22,2.8,12.1,199,421,4562,72,0.0551
20260709T0600-dawn,2026-07-09T06:00:00-07:00,dawn,3.8,,10.32,3.3,6.0,271,406,4606,72,0.0551
20260709T1730-dusk,2026-07-09T17:30:00-07:00,dusk,4.1,,8.12,2.8,7.2,256,457,4686,72,0.0551
20260710T0600-dawn,2026-07-10T06:00:00-07:00,dawn,6.6,,3.31,2.7,13.3,189,381,4424,72,0.0551
20260710T1730-dusk,2026-07-10T17:30:00-07:00,dusk,5.9,,4.05,2.8,12.7,190,474,4185,72,0.0551
20260711T0600-dawn,2026-07-11T06:00:00-07:00,dawn,6.3,,4.01,2.7,12.3,190,368,3966,72,0.0551
20260711T1730-dusk,2026-07-11T17:30:00-07:00,dusk,5.8,,4.25,2.5,12.0,190,457,3424,72,0.0551
20260712T0600-dawn,2026-07-12T06:00:00-07:00,dawn,6.5,,4.23,2.6,11.7,188,378,3021,72,0.0551
20260712T1730-dusk,2026-07-12T17:30:00-07:00,dusk,5.9,,4.96,2.9,11.9,189,359,2772,72,0.0551
20260713T0600-dawn,2026-07-13T06:00:00-07:00,dawn,6.2,,5.23,2.9,11.6,188,276,2695,72,0.0551
20260713T1730-dusk,2026-07-13T17:30:00-07:00,dusk,4.0,"post-rain (1h since ≥0.2"")",3.53,2.3,11.2,190,278,2595,1,0.0551
20260714T0600-dawn,2026-07-14T06:00:00-07:00,dawn,4.0,"post-rain (1h since ≥0.2"")",3.75,2.3,11.0,191,242,2278,1,0.0551
20260714T1730-dusk,2026-07-14T17:30:00-07:00,dusk,4.0,"post-rain (6h since ≥0.2"")",4.17,2.2,11.2,191,429,2114,6,0.0551
20260715T0600-dawn,2026-07-15T06:00:00-07:00,dawn,4.0,"post-rain (19h since ≥0.2"")",3.24,2.2,11.6,192,440,2051,19,0.0551
20260715T1730-dusk,2026-07-15T17:30:00-07:00,dusk,4.0,"post-rain (30h since ≥0.2"")",3.0,2.1,11.4,192,425,1989,30,0.0551
20260716T0600-dawn,2026-07-16T06:00:00-07:00,dawn,4.0,"post-rain (43h since ≥0.2"")",6.0,2.3,6.4,254,436,2110,43,0.0671
20260716T1730-dusk,2026-07-16T17:30:00-07:00,dusk,4.0,"post-rain (54h since ≥0.2"")",5.18,2.1,6.9,255,588,2187,54,0.0671
20260717T0600-dawn,2026-07-17T06:00:00-07:00,dawn,4.0,"post-rain (67h since ≥0.2"")",5.0,2.2,10.0,206,623,2222,67,0.0671
20260717T1730-dusk,2026-07-17T17:30:00-07:00,dusk,6.6,,3.18,2.2,12.2,187,765,2309,72,0.0671
20260718T0600-dawn,2026-07-18T06:00:00-07:00,dawn,6.8,,3.72,2.4,11.7,184,610,2462,72,0.0535
20260718T1730-dusk,2026-07-18T17:30:00-07:00,dusk,5.1,,6.77,3.2,11.6,182,559,2642,72,0.0535
20260719T0600-dawn,2026-07-19T06:00:00-07:00,dawn,2.9,,16.08,4.8,11.0,179,382,3500,72,0.0535
20260719T1730-dusk,2026-07-19T17:30:00-07:00,dusk,2.4,,15.27,3.9,9.9,180,392,4399,72,0.0535
20260720T0600-dawn,2026-07-20T06:00:00-07:00,dawn,2.6,,16.14,4.2,10.2,186,299,4643,72,0.0535
20260720T1730-dusk,2026-07-20T17:30:00-07:00,dusk,2.5,,15.38,3.5,8.8,186,291,4845,72,0.0535
20260721T0600-dawn,2026-07-21T06:00:00-07:00,dawn,2.8,,14.39,3.3,8.0,192,255,5174,72,0.0567
20260721T1730-dusk,2026-07-21T17:30:00-07:00,dusk,6.0,,3.26,2.9,13.5,192,347,5360,72,0.0567
20260722T0600-dawn,2026-07-22T06:00:00-07:00,dawn,5.7,,4.5,2.7,12.2,193,385,5152,72,0.0567
20260722T1730-dusk,2026-07-22T17:30:00-07:00,dusk,3.5,,9.59,3.6,11.1,185,563,4767,72,0.0567
20260723T0600-dawn,2026-07-23T06:00:00-07:00,dawn,3.5,,10.64,3.8,10.8,181,504,5055,72,0.069
20260723T1730-dusk,2026-07-23T17:30:00-07:00,dusk,2.7,,11.75,3.9,10.8,183,484,5376,72,0.069
20260724T0600-dawn,2026-07-24T06:00:00-07:00,dawn,3.3,,10.89,3.8,10.7,185,391,5656,72,0.0628
20260724T1730-dusk,2026-07-24T17:30:00-07:00,dusk,2.8,,11.83,3.5,10.1,188,436,5539,72,0.0628
20260725T0600-dawn,2026-07-25T06:00:00-07:00,dawn,3.9,,9.02,2.8,9.4,188,405,5279,72,0.032
20260725T1730-dusk,2026-07-25T17:30:00-07:00,dusk,5.2,,4.89,2.2,10.3,192,451,4956,72,0.032
20260726T0600-dawn,2026-07-26T06:00:00-07:00,dawn,7.5,,1.42,2.5,16.3,199,380,4602,72,0.032
20260726T1730-dusk,2026-07-26T17:30:00-07:00,dusk,6.9,,2.3,2.9,14.8,195,413,4495,72,0.032
20260727T0600-dawn,2026-07-27T06:00:00-07:00,dawn,6.5,,3.4,3.2,13.8,196,323,4390,72,0.032
20260727T1730-dusk,2026-07-27T17:30:00-07:00,dusk,5.9,,3.99,3.2,13.6,195,360,4567,72,0.032
20260728T0600-dawn,2026-07-28T06:00:00-07:00,dawn,6.6,,3.14,3.3,14.2,193,294,4581,72,0.0439
20260728T1730-dusk,2026-07-28T17:30:00-07:00,dusk,4.5,,6.47,3.7,13.1,186,411,5049,72,0.0439
20260729T0600-dawn,2026-07-29T06:00:00-07:00,dawn,2.8,,11.86,4.6,12.0,176,403,6242,72,0.0501
20260729T1730-dusk,2026-07-29T17:30:00-07:00,dusk,1.9,,12.93,4.6,11.7,177,471,7326,72,0.0501
20260730T0600-dawn,2026-07-30T06:00:00-07:00,dawn,2.1,,13.6,4.9,12.1,178,389,7569,72,0.0438
20260730T1730-dusk,2026-07-30T17:30:00-07:00,dusk,1.9,,13.52,4.4,11.0,181,422,7640,72,0.0438
20260731T0600-dawn,2026-07-31T06:00:00-07:00,dawn,2.7,,11.98,3.9,10.7,186,307,6990,72,0.0438
20260731T1730-dusk,2026-07-31T17:30:00-07:00,dusk,2.2,,14.18,3.8,10.0,186,350,6316,72,0.0438
20260801T0600-dawn,2026-08-01T06:00:00-07:00,dawn,2.2,,17.04,4.1,9.8,191,279,5591,72,0.0438
20260801T1730-dusk,2026-08-01T17:30:00-07:00,dusk,2.8,,12.79,3.4,9.4,192,315,5080,72,0.0438
20260802T0600-dawn,2026-08-02T06:00:00-07:00,dawn,4.6,,7.92,2.5,8.6,198,257,4560,72,0.0438
20260802T1730-dusk,2026-08-02T17:30:00-07:00,dusk,6.0,,4.6,1.9,7.8,191,304,3783,72,0.0438
20260803T0600-dawn,2026-08-03T06:00:00-07:00,dawn,6.6,,4.05,2.0,9.8,203,256,3075,72,0.0438
20260803T1730-dusk,2026-08-03T17:30:00-07:00,dusk,7.3,,2.77,1.9,10.9,193,298,2647,72,0.0438
20260804T0600-dawn,2026-08-04T06:00:00-07:00,dawn,7.8,,2.49,1.9,11.2,190,253,2206,72,0.0438
20260804T1730-dusk,2026-08-04T17:30:00-07:00,dusk,7.2,,2.94,2.0,11.1,189,339,1979,72,0.0438
20260805T0600-dawn,2026-08-05T06:00:00-07:00,dawn,7.8,,2.75,1.9,10.8,192,284,1717,72,0.0438
20260805T1730-dusk,2026-08-05T17:30:00-07:00,dusk,7.3,,3.22,1.7,10.0,189,339,1551,72,0.0438
20260806T0600-dawn,2026-08-06T06:00:00-07:00,dawn,7.9,,2.76,1.8,10.3,186,299,1403,72,0.0438
20260806T1730-dusk,2026-08-06T17:30:00-07:00,dusk,7.7,,2.68,1.5,8.7,185,355,1305,72,0.0438
20260807T0600-dawn,2026-08-07T06:00:00-07:00,dawn,9.2,,0.66,1.5,14.5,196,275,1253,72,0.0438
20260807T1730-dusk,2026-08-07T17:30:00-07:00,dusk,8.8,,0.91,1.7,14.0,191,307,1266,72,0.0438
20260808T0600-dawn,2026-08-08T06:00:00-07:00,dawn,7.8,,2.9,2.3,12.5,189,276,1431,72,0.0438
20260808T1730-dusk,2026-08-08T17:30:00-07:00,dusk,6.3,,4.44,2.4,12.8,189,445,1700,72,0.0438
