window_key,window_start,window_kind,score,cap_reason,damage,swell_hgt_ft,swell_per_s,swell_dir,wind_energy_48h,swell_energy_72h,dry_hours,cloud_pct,kd490
20250815T0600-dawn,2025-08-15T06:00:00-07:00,dawn,8.8,,1.29,2.1,7.1,36,92,1759,72,21,0.0339
20250815T1730-dusk,2025-08-15T17:30:00-07:00,dusk,8.2,,1.18,1.9,8.3,33,53,1719,72,84,0.0339
20250816T0600-dawn,2025-08-16T06:00:00-07:00,dawn,8.5,,1.06,1.9,8.8,34,44,1839,72,68,0.0339
20250816T1730-dusk,2025-08-16T17:30:00-07:00,dusk,8.7,,1.1,1.8,11.9,185,47,1972,72,45,0.0339
20250817T0600-dawn,2025-08-17T06:00:00-07:00,dawn,8.8,,1.07,1.8,11.7,185,109,2194,72,11,0.0339
20250817T1730-dusk,2025-08-17T17:30:00-07:00,dusk,8.3,,1.44,2.2,6.9,44,166,2215,72,48,0.0339
20250818T0600-dawn,2025-08-18T06:00:00-07:00,dawn,8.4,,1.23,2.2,7.0,43,153,2156,72,51,0.083
20250818T1730-dusk,2025-08-18T17:30:00-07:00,dusk,8.1,,1.18,2.2,6.6,45,110,2052,72,77,0.083
20250819T0600-dawn,2025-08-19T06:00:00-07:00,dawn,8.9,,0.87,1.9,6.5,48,101,1868,72,34,0.083
20250819T1730-dusk,2025-08-19T17:30:00-07:00,dusk,8.7,,1.33,1.8,6.9,50,82,1736,72,25,0.083
20250820T0600-dawn,2025-08-20T06:00:00-07:00,dawn,8.8,,1.17,1.9,6.7,45,166,1624,72,30,0.0992
20250820T1730-dusk,2025-08-20T17:30:00-07:00,dusk,8.5,,1.31,2.0,7.1,47,162,1639,72,55,0.0992
20250821T0600-dawn,2025-08-21T06:00:00-07:00,dawn,7.8,,1.25,2.1,6.6,48,188,1718,72,96,0.04
20250821T1730-dusk,2025-08-21T17:30:00-07:00,dusk,8.6,,0.88,1.8,8.2,92,170,1821,72,61,0.04
20250822T0600-dawn,2025-08-22T06:00:00-07:00,dawn,8.0,,1.18,1.8,9.6,178,120,1743,72,88,0.04
20250822T1730-dusk,2025-08-22T17:30:00-07:00,dusk,8.5,,1.2,1.8,10.7,177,103,1757,72,59,0.04
20250823T0600-dawn,2025-08-23T06:00:00-07:00,dawn,8.9,,1.19,1.8,9.7,176,88,1843,72,0,0.0335
20250823T1730-dusk,2025-08-23T17:30:00-07:00,dusk,7.8,,1.08,1.6,7.8,176,60,1866,72,100,0.0335
20250824T0600-dawn,2025-08-24T06:00:00-07:00,dawn,8.6,,1.55,2.2,10.1,178,92,1803,72,20,0.0335
20250824T1730-dusk,2025-08-24T17:30:00-07:00,dusk,8.1,,0.8,1.9,9.3,136,64,1785,72,95,0.0335
20250825T0600-dawn,2025-08-25T06:00:00-07:00,dawn,8.7,,1.5,2.1,9.4,175,53,1713,72,22,0.03
20250825T1730-dusk,2025-08-25T17:30:00-07:00,dusk,7.9,,1.3,1.8,9.3,176,83,1640,72,95,0.03
20250826T0600-dawn,2025-08-26T06:00:00-07:00,dawn,9.1,,1.07,1.6,8.6,176,51,1497,72,1,0.0915
20250826T1730-dusk,2025-08-26T17:30:00-07:00,dusk,8.1,,0.76,1.4,8.6,172,53,1385,72,100,0.0915
20250827T0600-dawn,2025-08-27T06:00:00-07:00,dawn,9.1,,1.16,1.7,8.8,178,48,1387,72,8,0.0915
20250827T1730-dusk,2025-08-27T17:30:00-07:00,dusk,8.0,,1.22,1.7,9.1,176,42,1376,72,95,0.0915
20250828T0600-dawn,2025-08-28T06:00:00-07:00,dawn,9.1,,1.16,1.9,9.9,175,37,1433,72,6,0.1243
20250828T1730-dusk,2025-08-28T17:30:00-07:00,dusk,8.5,,1.18,2.1,10.8,177,31,1476,72,72,0.1243
20250829T0600-dawn,2025-08-29T06:00:00-07:00,dawn,7.8,,1.33,2.3,10.7,176,40,1630,72,99,0.1243
20250829T1730-dusk,2025-08-29T17:30:00-07:00,dusk,7.8,,1.31,2.3,11.2,177,38,1739,72,97,0.1243
20250830T0600-dawn,2025-08-30T06:00:00-07:00,dawn,7.5,,1.62,2.6,10.9,176,47,1840,72,100,0.1243
20250830T1730-dusk,2025-08-30T17:30:00-07:00,dusk,7.9,,1.65,2.3,10.2,177,61,1976,72,76,0.1243
20250831T0600-dawn,2025-08-31T06:00:00-07:00,dawn,7.7,,1.34,2.0,9.8,176,50,1964,72,100,0.1243
20250831T1730-dusk,2025-08-31T17:30:00-07:00,dusk,7.7,,1.32,1.9,9.3,176,80,1800,72,99,0.1243
20250901T0600-dawn,2025-09-01T06:00:00-07:00,dawn,4.0,"post-rain (1h since ≥0.2"")",1.79,2.2,9.4,176,62,1710,1,63,0.1243
20250901T1730-dusk,2025-09-01T17:30:00-07:00,dusk,4.0,"post-rain (3h since ≥0.2"")",1.83,2.2,9.4,177,53,1831,3,24,0.1243
20250902T0600-dawn,2025-09-02T06:00:00-07:00,dawn,4.0,"post-rain (16h since ≥0.2"")",1.93,2.2,9.1,176,72,2016,16,46,0.1243
20250902T1730-dusk,2025-09-02T17:30:00-07:00,dusk,4.0,"post-rain (27h since ≥0.2"")",1.61,2.0,8.4,176,46,2040,27,100,0.1243
20250903T0600-dawn,2025-09-03T06:00:00-07:00,dawn,4.0,"post-rain (40h since ≥0.2"")",1.27,1.8,8.2,174,38,1966,40,21,0.0295
20250903T1730-dusk,2025-09-03T17:30:00-07:00,dusk,4.0,"post-rain (51h since ≥0.2"")",1.48,1.8,8.6,175,44,1856,51,95,0.0295
20250904T0600-dawn,2025-09-04T06:00:00-07:00,dawn,4.0,"post-rain (64h since ≥0.2"")",0.81,1.4,8.8,174,50,1659,64,18,0.0295
20250904T1730-dusk,2025-09-04T17:30:00-07:00,dusk,8.5,,0.89,1.5,8.2,173,41,1546,72,77,0.0295
20250905T0600-dawn,2025-09-05T06:00:00-07:00,dawn,9.3,,0.64,1.3,7.1,168,36,1258,72,8,0.0322
20250905T1730-dusk,2025-09-05T17:30:00-07:00,dusk,8.3,,0.45,1.0,8.5,172,34,1052,72,100,0.0322
20250906T0600-dawn,2025-09-06T06:00:00-07:00,dawn,9.3,,0.52,1.3,8.0,166,68,994,72,46,0.028
20250906T1730-dusk,2025-09-06T17:30:00-07:00,dusk,8.4,,0.4,1.6,13.6,186,98,1023,72,98,0.028
20250907T0600-dawn,2025-09-07T06:00:00-07:00,dawn,4.0,"post-rain (1h since ≥0.2"")",0.94,2.2,12.7,184,85,1307,1,44,0.028
20250907T1730-dusk,2025-09-07T17:30:00-07:00,dusk,4.0,"post-rain (1h since ≥0.2"")",1.49,2.5,11.6,183,100,1738,1,61,0.028
20250908T0600-dawn,2025-09-08T06:00:00-07:00,dawn,4.0,"post-rain (1h since ≥0.2"")",1.45,2.4,11.3,183,76,1977,1,2,0.0282
20250908T1730-dusk,2025-09-08T17:30:00-07:00,dusk,4.0,"post-rain (1h since ≥0.2"")",1.22,2.2,11.0,182,51,1992,1,41,0.0282
20250909T0600-dawn,2025-09-09T06:00:00-07:00,dawn,4.0,"post-rain (7h since ≥0.2"")",1.47,2.3,10.7,181,62,1927,7,76,0.0282
20250909T1730-dusk,2025-09-09T17:30:00-07:00,dusk,4.0,"post-rain (18h since ≥0.2"")",1.28,2.5,9.7,133,107,2044,18,61,0.0282
20250910T0600-dawn,2025-09-10T06:00:00-07:00,dawn,4.0,"post-rain (31h since ≥0.2"")",1.55,2.8,9.2,130,124,2859,31,88,0.0325
20250910T1730-dusk,2025-09-10T17:30:00-07:00,dusk,4.0,"post-rain (42h since ≥0.2"")",1.36,2.4,7.0,49,133,2841,42,79,0.0325
20250911T0600-dawn,2025-09-11T06:00:00-07:00,dawn,4.0,"post-rain (55h since ≥0.2"")",1.17,1.8,9.9,181,88,2502,55,58,0.2125
20250911T1730-dusk,2025-09-11T17:30:00-07:00,dusk,4.0,"post-rain (66h since ≥0.2"")",1.09,2.0,6.4,50,51,2226,66,98,0.2125
20250912T0600-dawn,2025-09-12T06:00:00-07:00,dawn,4.0,"post-rain (1h since ≥0.2"")",1.28,2.1,10.7,178,49,2182,1,57,0.2125
20250912T1730-dusk,2025-09-12T17:30:00-07:00,dusk,4.0,"post-rain (1h since ≥0.2"")",1.2,2.1,9.7,136,47,2247,1,100,0.2125
20250913T0600-dawn,2025-09-13T06:00:00-07:00,dawn,4.0,"post-rain (13h since ≥0.2"")",1.8,2.3,10.2,177,57,2248,13,100,0.026
20250913T1730-dusk,2025-09-13T17:30:00-07:00,dusk,4.0,"post-rain (24h since ≥0.2"")",1.68,2.0,10.0,178,107,2268,24,99,0.026
20250914T0600-dawn,2025-09-14T06:00:00-07:00,dawn,4.0,"post-rain (37h since ≥0.2"")",0.75,1.4,10.5,174,127,2149,37,28,0.026
20250914T1730-dusk,2025-09-14T17:30:00-07:00,dusk,4.0,"post-rain (48h since ≥0.2"")",0.93,1.4,10.6,179,124,2078,48,16,0.026
20250915T0600-dawn,2025-09-15T06:00:00-07:00,dawn,4.0,"post-rain (61h since ≥0.2"")",1.06,1.8,10.2,182,153,1939,61,10,0.0315
20250915T1730-dusk,2025-09-15T17:30:00-07:00,dusk,8.6,,0.95,1.6,10.2,180,130,1762,72,58,0.0315
20250916T0600-dawn,2025-09-16T06:00:00-07:00,dawn,9.0,,0.6,1.6,8.1,94,174,1619,72,27,0.1981
20250916T1730-dusk,2025-09-16T17:30:00-07:00,dusk,8.7,,1.3,1.8,6.3,48,205,1501,72,23,0.1981
20250917T0600-dawn,2025-09-17T06:00:00-07:00,dawn,9.0,,0.76,1.6,5.2,45,186,1513,72,24,0.0421
20250917T1730-dusk,2025-09-17T17:30:00-07:00,dusk,8.7,,1.15,1.7,6.5,46,143,1388,72,48,0.0421
20250918T0600-dawn,2025-09-18T06:00:00-07:00,dawn,9.2,,0.69,1.6,5.1,52,124,1331,72,5,0.0421
20250918T1730-dusk,2025-09-18T17:30:00-07:00,dusk,9.1,,0.83,1.3,6.8,56,91,1342,72,25,0.0421
20250919T0600-dawn,2025-09-19T06:00:00-07:00,dawn,9.0,,0.99,1.8,8.5,121,127,1498,72,14,0.0376
20250919T1730-dusk,2025-09-19T17:30:00-07:00,dusk,8.6,,1.51,1.4,8.2,18,175,1565,72,18,0.0376
20250920T0600-dawn,2025-09-20T06:00:00-07:00,dawn,7.5,,2.12,2.3,6.5,33,222,1639,72,81,0.0376
20250920T1730-dusk,2025-09-20T17:30:00-07:00,dusk,7.7,,2.06,2.6,7.1,36,236,1962,72,68,0.0376
20250921T0600-dawn,2025-09-21T06:00:00-07:00,dawn,7.9,,2.48,2.9,6.0,41,150,2181,72,9,0.0355
20250921T1730-dusk,2025-09-21T17:30:00-07:00,dusk,4.0,"post-rain (1h since ≥0.2"")",2.49,2.8,6.0,39,152,2508,1,25,0.0355
20250922T0600-dawn,2025-09-22T06:00:00-07:00,dawn,4.0,"post-rain (1h since ≥0.2"")",1.81,2.6,6.2,45,102,2622,1,4,0.0516
20250922T1730-dusk,2025-09-22T17:30:00-07:00,dusk,4.0,"post-rain (1h since ≥0.2"")",1.56,2.4,7.9,48,75,2565,1,32,0.0516
20250923T0600-dawn,2025-09-23T06:00:00-07:00,dawn,4.0,"post-rain (9h since ≥0.2"")",1.52,2.4,7.1,44,108,2505,9,10,0.0516
20250923T1730-dusk,2025-09-23T17:30:00-07:00,dusk,4.0,"post-rain (20h since ≥0.2"")",1.03,1.9,6.5,44,125,2310,20,8,0.0516
20250924T0600-dawn,2025-09-24T06:00:00-07:00,dawn,4.0,"post-rain (33h since ≥0.2"")",1.56,2.0,9.4,179,141,2021,33,11,0.0306
20250924T1730-dusk,2025-09-24T17:30:00-07:00,dusk,4.0,"post-rain (44h since ≥0.2"")",1.48,1.9,9.4,180,152,1830,44,33,0.0306
20250925T0600-dawn,2025-09-25T06:00:00-07:00,dawn,4.0,"post-rain (57h since ≥0.2"")",1.15,1.7,9.3,180,121,1556,57,4,0.0306
20250925T1730-dusk,2025-09-25T17:30:00-07:00,dusk,4.0,"post-rain (1h since ≥0.2"")",4.52,3.3,9.2,10,456,1740,1,52,0.0306
20250926T0600-dawn,2025-09-26T06:00:00-07:00,dawn,4.0,"post-rain (13h since ≥0.2"")",3.64,3.0,8.3,15,714,2304,13,17,0.0331
20250926T1730-dusk,2025-09-26T17:30:00-07:00,dusk,4.0,"post-rain (24h since ≥0.2"")",2.88,2.7,8.3,15,762,2520,24,71,0.0331
20250927T0600-dawn,2025-09-27T06:00:00-07:00,dawn,4.0,"post-rain (37h since ≥0.2"")",0.88,2.2,10.3,127,572,2651,37,62,0.0294
20250927T1730-dusk,2025-09-27T17:30:00-07:00,dusk,4.0,"post-rain (48h since ≥0.2"")",1.26,2.2,11.8,184,333,2732,48,45,0.0294
20250928T0600-dawn,2025-09-28T06:00:00-07:00,dawn,4.0,"post-rain (61h since ≥0.2"")",1.93,2.4,10.5,182,166,2761,61,3,0.0294
20250928T1730-dusk,2025-09-28T17:30:00-07:00,dusk,7.7,,2.21,2.4,10.4,182,122,2652,72,48,0.0294
20250929T0600-dawn,2025-09-29T06:00:00-07:00,dawn,8.6,,1.24,1.7,9.6,182,104,2433,72,6,0.4015
20250929T1730-dusk,2025-09-29T17:30:00-07:00,dusk,8.4,,1.52,1.8,9.3,183,85,2145,72,45,0.4015
20250930T0600-dawn,2025-09-30T06:00:00-07:00,dawn,8.3,,1.79,2.0,8.2,10,94,2027,72,26,0.0972
20250930T1730-dusk,2025-09-30T17:30:00-07:00,dusk,8.4,,1.72,2.0,7.4,18,81,1995,72,38,0.0972
20251001T0600-dawn,2025-10-01T06:00:00-07:00,dawn,8.8,,1.07,1.8,6.1,32,95,1982,72,37,0.0294
20251001T1730-dusk,2025-10-01T17:30:00-07:00,dusk,8.3,,1.52,1.8,9.0,180,81,1971,72,52,0.0294
20251002T0600-dawn,2025-10-02T06:00:00-07:00,dawn,8.9,,1.17,1.7,8.2,17,70,1904,72,7,0.0314
20251002T1730-dusk,2025-10-02T17:30:00-07:00,dusk,8.8,,0.74,1.7,5.8,45,84,1766,72,32,0.0314
20251003T0600-dawn,2025-10-03T06:00:00-07:00,dawn,4.0,"post-rain (1h since ≥0.2"")",0.5,1.4,7.0,49,376,1609,1,50,0.0314
20251003T1730-dusk,2025-10-03T17:30:00-07:00,dusk,4.0,"post-rain (1h since ≥0.2"")",0.63,1.6,6.1,53,374,1499,1,100,0.0314
20251004T0600-dawn,2025-10-04T06:00:00-07:00,dawn,4.0,"post-rain (1h since ≥0.2"")",0.57,1.6,6.5,53,311,1354,1,10,0.0314
20251004T1730-dusk,2025-10-04T17:30:00-07:00,dusk,4.0,"post-rain (1h since ≥0.2"")",0.83,1.3,7.1,56,210,1271,1,16,0.0314
20251005T0600-dawn,2025-10-05T06:00:00-07:00,dawn,4.0,"post-rain (14h since ≥0.2"")",0.8,1.4,10.7,333,182,1274,14,9,0.0689
20251005T1730-dusk,2025-10-05T17:30:00-07:00,dusk,4.0,"post-rain (25h since ≥0.2"")",1.51,1.9,10.6,335,168,1441,25,19,0.0689
20251006T0600-dawn,2025-10-06T06:00:00-07:00,dawn,4.0,"post-rain (38h since ≥0.2"")",1.67,1.5,9.2,284,140,1548,38,24,0.0689
20251006T1730-dusk,2025-10-06T17:30:00-07:00,dusk,4.0,"post-rain (49h since ≥0.2"")",0.96,1.5,8.8,176,136,1469,49,72,0.0689
20251007T0600-dawn,2025-10-07T06:00:00-07:00,dawn,4.0,"post-rain (62h since ≥0.2"")",1.16,1.7,9.0,176,127,1326,62,16,0.0637
20251007T1730-dusk,2025-10-07T17:30:00-07:00,dusk,8.0,,1.25,1.6,7.5,356,213,1320,72,66,0.0637
20251008T0600-dawn,2025-10-08T06:00:00-07:00,dawn,4.0,"post-rain (3h since ≥0.2"")",1.05,1.5,6.2,7,385,1220,3,35,0.045
20251008T1730-dusk,2025-10-08T17:30:00-07:00,dusk,4.0,"post-rain (3h since ≥0.2"")",0.88,1.4,8.8,177,529,1133,3,10,0.045
20251009T0600-dawn,2025-10-09T06:00:00-07:00,dawn,4.0,"post-rain (16h since ≥0.2"")",0.94,1.7,9.8,177,461,1122,16,14,0.223
20251009T1730-dusk,2025-10-09T17:30:00-07:00,dusk,4.0,"post-rain (27h since ≥0.2"")",1.41,1.8,9.7,179,663,1175,27,35,0.223
20251010T0600-dawn,2025-10-10T06:00:00-07:00,dawn,4.0,"post-rain (40h since ≥0.2"")",2.02,2.4,9.9,179,525,1375,40,23,0.0396
20251010T1730-dusk,2025-10-10T17:30:00-07:00,dusk,4.0,"post-rain (51h since ≥0.2"")",1.8,2.1,8.3,175,347,1635,51,63,0.0396
20251011T0600-dawn,2025-10-11T06:00:00-07:00,dawn,4.0,"post-rain (64h since ≥0.2"")",1.73,2.0,9.0,178,271,1776,64,59,0.0396
20251011T1730-dusk,2025-10-11T17:30:00-07:00,dusk,8.0,,0.62,1.5,7.9,126,151,1779,72,100,0.0396
20251012T0600-dawn,2025-10-12T06:00:00-07:00,dawn,7.7,,1.67,2.2,8.8,173,80,1877,72,92,0.0396
20251012T1730-dusk,2025-10-12T17:30:00-07:00,dusk,4.0,"post-rain (1h since ≥0.2"")",0.64,1.3,7.8,169,122,1825,1,100,0.0396
20251013T0600-dawn,2025-10-13T06:00:00-07:00,dawn,4.0,"post-rain (1h since ≥0.2"")",0.58,1.7,11.5,174,140,1716,1,45,0.037
20251013T1730-dusk,2025-10-13T17:30:00-07:00,dusk,4.0,"post-rain (4h since ≥0.2"")",0.49,1.5,10.5,29,152,1708,4,51,0.037
20251014T0600-dawn,2025-10-14T06:00:00-07:00,dawn,4.0,"post-rain (17h since ≥0.2"")",0.62,1.6,10.0,28,100,1791,17,1,0.0798
20251014T1730-dusk,2025-10-14T17:30:00-07:00,dusk,4.0,"post-rain (28h since ≥0.2"")",0.77,1.5,9.5,27,64,1777,28,16,0.0798
20251015T0600-dawn,2025-10-15T06:00:00-07:00,dawn,4.0,"post-rain (41h since ≥0.2"")",0.64,1.4,9.2,27,70,1791,41,65,0.0886
20251015T1730-dusk,2025-10-15T17:30:00-07:00,dusk,4.0,"post-rain (52h since ≥0.2"")",0.54,1.3,8.6,77,54,1751,52,100,0.0886
20251016T0600-dawn,2025-10-16T06:00:00-07:00,dawn,4.0,"post-rain (65h since ≥0.2"")",1.1,1.8,9.9,179,69,1775,65,32,0.0389
20251016T1730-dusk,2025-10-16T17:30:00-07:00,dusk,8.8,,0.86,1.9,8.6,136,55,1830,72,48,0.0389
20251017T0600-dawn,2025-10-17T06:00:00-07:00,dawn,4.0,"post-rain (1h since ≥0.2"")",1.21,2.2,6.8,49,84,1758,1,98,0.192
20251017T1730-dusk,2025-10-17T17:30:00-07:00,dusk,4.0,"post-rain (1h since ≥0.2"")",1.54,2.4,8.2,48,85,1933,1,99,0.192
20251018T0600-dawn,2025-10-18T06:00:00-07:00,dawn,4.0,"post-rain (12h since ≥0.2"")",1.51,2.2,7.4,45,104,2211,12,84,0.0374
20251018T1730-dusk,2025-10-18T17:30:00-07:00,dusk,4.0,"post-rain (23h since ≥0.2"")",2.59,2.9,5.7,44,161,2318,23,11,0.0374
20251019T0600-dawn,2025-10-19T06:00:00-07:00,dawn,4.0,"post-rain (36h since ≥0.2"")",2.28,2.7,5.6,42,192,2313,36,14,0.0501
20251019T1730-dusk,2025-10-19T17:30:00-07:00,dusk,4.0,"post-rain (47h since ≥0.2"")",2.04,2.6,5.5,42,188,2181,47,57,0.0501
20251020T0600-dawn,2025-10-20T06:00:00-07:00,dawn,4.0,"post-rain (1h since ≥0.2"")",1.45,2.3,5.5,43,131,2089,1,55,0.0437
20251020T1730-dusk,2025-10-20T17:30:00-07:00,dusk,4.0,"post-rain (2h since ≥0.2"")",1.4,2.1,5.8,43,107,1915,2,86,0.0437
20251021T0600-dawn,2025-10-21T06:00:00-07:00,dawn,4.0,"post-rain (15h since ≥0.2"")",1.3,1.8,6.1,42,153,1715,15,41,0.0382
20251021T1730-dusk,2025-10-21T17:30:00-07:00,dusk,4.0,"post-rain (26h since ≥0.2"")",1.03,1.6,7.0,49,215,1565,26,7,0.0382
20251022T0600-dawn,2025-10-22T06:00:00-07:00,dawn,4.0,"post-rain (39h since ≥0.2"")",1.25,2.0,4.5,39,235,1467,39,10,0.0382
20251022T1730-dusk,2025-10-22T17:30:00-07:00,dusk,4.0,"post-rain (50h since ≥0.2"")",2.13,2.3,7.7,41,204,1588,50,6,0.0382
20251023T0600-dawn,2025-10-23T06:00:00-07:00,dawn,4.0,"post-rain (63h since ≥0.2"")",1.8,2.3,7.8,42,223,1821,63,20,0.0334
20251023T1730-dusk,2025-10-23T17:30:00-07:00,dusk,8.1,,1.98,2.2,9.3,24,242,2051,72,6,0.0334
20251024T0600-dawn,2025-10-24T06:00:00-07:00,dawn,8.0,,1.99,2.1,8.6,21,269,2285,72,19,0.1316
20251024T1730-dusk,2025-10-24T17:30:00-07:00,dusk,7.6,,2.38,2.0,6.9,43,359,2410,72,12,0.1316
20251025T0600-dawn,2025-10-25T06:00:00-07:00,dawn,7.5,,2.43,2.6,7.9,43,360,2685,72,24,0.0447
20251025T1730-dusk,2025-10-25T17:30:00-07:00,dusk,6.8,,2.12,2.7,7.2,45,331,2838,72,92,0.0447
20251026T0600-dawn,2025-10-26T06:00:00-07:00,dawn,7.2,,1.6,2.2,6.7,47,243,2811,72,94,0.0447
20251026T1730-dusk,2025-10-26T17:30:00-07:00,dusk,7.3,,1.45,2.2,6.7,47,199,2659,72,100,0.0447
20251027T0600-dawn,2025-10-27T06:00:00-07:00,dawn,7.9,,0.95,1.8,6.4,47,117,2374,72,89,0.0447
20251027T1730-dusk,2025-10-27T17:30:00-07:00,dusk,7.9,,0.64,1.6,6.5,124,101,2105,72,100,0.0447
20251028T0600-dawn,2025-10-28T06:00:00-07:00,dawn,8.5,,0.44,1.5,7.4,91,62,1806,72,79,0.0368
20251028T1730-dusk,2025-10-28T17:30:00-07:00,dusk,8.1,,0.67,1.7,8.6,132,40,1650,72,100,0.0368
20251029T0600-dawn,2025-10-29T06:00:00-07:00,dawn,9.0,,1.14,1.8,9.5,176,48,1528,72,8,0.0443
20251029T1730-dusk,2025-10-29T17:30:00-07:00,dusk,8.5,,1.63,1.8,11.6,242,40,1660,72,40,0.0443
20251030T0600-dawn,2025-10-30T06:00:00-07:00,dawn,7.2,,2.3,2.2,8.9,4,75,1968,72,91,0.0452
20251030T1730-dusk,2025-10-30T17:30:00-07:00,dusk,8.8,,0.92,1.8,9.0,65,97,2158,72,30,0.0452
20251031T0600-dawn,2025-10-31T06:00:00-07:00,dawn,8.9,,0.88,1.6,10.0,180,80,2166,72,2,0.036
20251031T1730-dusk,2025-10-31T17:30:00-07:00,dusk,8.6,,1.36,1.8,9.8,177,87,2011,72,16,0.036
20251101T0600-dawn,2025-11-01T06:00:00-07:00,dawn,8.9,,0.89,1.7,10.3,177,137,1922,72,5,0.0828
20251101T1730-dusk,2025-11-01T17:30:00-07:00,dusk,8.2,,1.52,2.4,11.3,352,109,2049,72,63,0.0828
20251102T0600-dawn,2025-11-02T06:00:00-08:00,dawn,7.3,,1.75,2.4,10.8,347,72,2214,72,100,0.0362
20251102T1730-dusk,2025-11-02T17:30:00-08:00,dusk,4.0,"post-rain (1h since ≥0.2"")",2.57,2.8,10.4,354,126,2406,1,61,0.0362
20251103T0600-dawn,2025-11-03T06:00:00-08:00,dawn,4.0,"post-rain (1h since ≥0.2"")",4.86,3.5,9.6,2,140,2784,1,53,0.093
20251103T1730-dusk,2025-11-03T17:30:00-08:00,dusk,4.0,"post-rain (2h since ≥0.2"")",5.34,3.7,9.3,6,133,3297,2,96,0.093
20251104T0600-dawn,2025-11-04T06:00:00-08:00,dawn,4.0,"post-rain (15h since ≥0.2"")",3.99,3.1,8.6,12,96,3463,15,99,0.029
20251104T1730-dusk,2025-11-04T17:30:00-08:00,dusk,4.0,"post-rain (26h since ≥0.2"")",2.86,2.5,8.9,5,99,3323,26,76,0.029
20251105T0600-dawn,2025-11-05T06:00:00-08:00,dawn,4.0,"post-rain (39h since ≥0.2"")",1.77,2.1,9.1,127,99,2935,39,99,0.013
20251105T1730-dusk,2025-11-05T17:30:00-08:00,dusk,4.0,"post-rain (50h since ≥0.2"")",2.43,2.7,10.8,239,99,2747,50,100,0.013
20251106T0600-dawn,2025-11-06T06:00:00-08:00,dawn,4.0,"post-rain (63h since ≥0.2"")",3.02,2.9,10.0,3,108,2902,63,99,0.0474
20251106T1730-dusk,2025-11-06T17:30:00-08:00,dusk,6.3,,2.62,2.4,9.1,239,223,2855,72,100,0.0474
20251107T0600-dawn,2025-11-07T06:00:00-08:00,dawn,7.8,,1.38,2.2,8.2,61,377,2595,72,68,0.0474
20251107T1730-dusk,2025-11-07T17:30:00-08:00,dusk,7.5,,1.62,1.9,8.5,9,347,2345,72,32,0.0474
20251108T0600-dawn,2025-11-08T06:00:00-08:00,dawn,8.8,,0.34,1.5,10.9,117,342,2157,72,34,0.0384
20251108T1730-dusk,2025-11-08T17:30:00-08:00,dusk,8.7,,0.77,1.8,10.8,178,246,2062,72,38,0.0384
20251109T0600-dawn,2025-11-09T06:00:00-08:00,dawn,4.2,,7.74,3.7,8.5,3,241,2514,72,97,0.04
20251109T1730-dusk,2025-11-09T17:30:00-08:00,dusk,4.0,"post-rain (1h since ≥0.2"")",7.19,3.7,9.2,6,338,3820,1,70,0.04
20251110T0600-dawn,2025-11-10T06:00:00-08:00,dawn,3.5,"post-rain (1h since ≥0.2"")",9.84,5.0,9.2,18,364,5514,1,29,0.0565
20251110T1730-dusk,2025-11-10T17:30:00-08:00,dusk,2.7,"post-rain (12h since ≥0.2"")",10.2,5.6,10.1,20,407,7268,12,41,0.0565
20251111T0600-dawn,2025-11-11T06:00:00-08:00,dawn,2.2,"post-rain (25h since ≥0.2"")",10.76,5.4,9.0,25,419,8976,25,37,0.0565
20251111T1730-dusk,2025-11-11T17:30:00-08:00,dusk,2.3,"post-rain (36h since ≥0.2"")",9.78,4.8,9.0,24,404,9246,36,56,0.0565
20251112T0600-dawn,2025-11-12T06:00:00-08:00,dawn,2.4,"post-rain (49h since ≥0.2"")",8.41,4.6,7.7,27,426,8976,49,76,0.0565
20251112T1730-dusk,2025-11-12T17:30:00-08:00,dusk,1.8,"post-rain (60h since ≥0.2"")",9.66,4.6,7.9,29,459,8505,60,90,0.0565
20251113T0600-dawn,2025-11-13T06:00:00-08:00,dawn,3.1,"post-rain (1h since ≥0.2"")",8.46,5.0,7.3,36,469,8196,1,30,0.037
20251113T1730-dusk,2025-11-13T17:30:00-08:00,dusk,2.3,"post-rain (1h since ≥0.2"")",8.96,4.8,7.5,34,445,7705,1,84,0.037
20251114T0600-dawn,2025-11-14T06:00:00-08:00,dawn,3.2,"post-rain (11h since ≥0.2"")",5.9,4.3,7.1,38,395,7101,11,100,0.0402
20251114T1730-dusk,2025-11-14T17:30:00-08:00,dusk,4.0,"post-rain (22h since ≥0.2"")",4.49,3.7,7.2,39,342,6357,22,17,0.0402
20251115T0600-dawn,2025-11-15T06:00:00-08:00,dawn,4.0,"post-rain (35h since ≥0.2"")",2.68,3.0,6.6,39,234,5297,35,6,0.0372
20251115T1730-dusk,2025-11-15T17:30:00-08:00,dusk,4.0,"post-rain (46h since ≥0.2"")",1.89,2.5,6.5,39,144,4282,46,65,0.0372
20251116T0600-dawn,2025-11-16T06:00:00-08:00,dawn,4.0,"post-rain (59h since ≥0.2"")",1.41,2.2,6.0,42,101,3326,59,16,0.0339
20251116T1730-dusk,2025-11-16T17:30:00-08:00,dusk,4.0,"post-rain (70h since ≥0.2"")",0.66,1.7,8.3,85,56,2680,70,56,0.0339
20251117T0600-dawn,2025-11-17T06:00:00-08:00,dawn,9.0,,0.41,1.3,8.4,47,45,2221,72,20,0.0339
20251117T1730-dusk,2025-11-17T17:30:00-08:00,dusk,8.1,,0.55,1.5,6.9,132,41,1925,72,100,0.0339
20251118T0600-dawn,2025-11-18T06:00:00-08:00,dawn,8.0,,1.02,1.7,5.5,167,51,1677,72,99,0.0359
20251118T1730-dusk,2025-11-18T17:30:00-08:00,dusk,9.0,,0.57,1.1,7.5,172,46,1463,72,49,0.0359
20251119T0600-dawn,2025-11-19T06:00:00-08:00,dawn,8.3,,0.89,1.1,8.9,175,67,1257,72,90,0.0359
20251119T1730-dusk,2025-11-19T17:30:00-08:00,dusk,7.6,,1.65,2.3,7.2,48,187,1305,72,100,0.0359
20251120T0600-dawn,2025-11-20T06:00:00-08:00,dawn,7.3,,1.76,2.6,7.2,50,180,1965,72,100,0.0359
20251120T1730-dusk,2025-11-20T17:30:00-08:00,dusk,6.9,,2.14,2.8,7.4,49,154,2499,72,99,0.0359
20251121T0600-dawn,2025-11-21T06:00:00-08:00,dawn,7.2,,1.73,2.6,6.4,51,118,2917,72,91,0.0359
20251121T1730-dusk,2025-11-21T17:30:00-08:00,dusk,4.0,"post-rain (1h since ≥0.2"")",1.45,2.4,5.5,52,73,2996,1,99,0.0359
20251122T0600-dawn,2025-11-22T06:00:00-08:00,dawn,4.0,"post-rain (1h since ≥0.2"")",1.36,1.8,7.6,174,66,2912,1,98,0.0401
20251122T1730-dusk,2025-11-22T17:30:00-08:00,dusk,4.0,"post-rain (9h since ≥0.2"")",1.33,1.7,7.4,173,79,2690,9,69,0.0401
20251123T0600-dawn,2025-11-23T06:00:00-08:00,dawn,4.0,"post-rain (22h since ≥0.2"")",1.61,2.1,7.0,169,94,2535,22,43,0.0401
20251123T1730-dusk,2025-11-23T17:30:00-08:00,dusk,4.0,"post-rain (1h since ≥0.2"")",1.16,2.2,7.0,52,80,2332,1,76,0.0401
20251124T0600-dawn,2025-11-24T06:00:00-08:00,dawn,4.0,"post-rain (13h since ≥0.2"")",1.23,1.7,7.6,173,67,2123,13,4,0.0334
20251124T1730-dusk,2025-11-24T17:30:00-08:00,dusk,4.0,"post-rain (24h since ≥0.2"")",1.3,1.8,7.4,171,80,2024,24,61,0.0334
20251125T0600-dawn,2025-11-25T06:00:00-08:00,dawn,4.0,"post-rain (37h since ≥0.2"")",1.15,1.7,6.8,171,66,1817,37,25,0.0366
20251125T1730-dusk,2025-11-25T17:30:00-08:00,dusk,4.0,"post-rain (48h since ≥0.2"")",1.01,1.6,6.8,171,175,1553,48,65,0.0366
20251126T0600-dawn,2025-11-26T06:00:00-08:00,dawn,4.0,"post-rain (61h since ≥0.2"")",0.55,1.2,5.7,171,116,1256,61,17,0.0334
20251126T1730-dusk,2025-11-26T17:30:00-08:00,dusk,9.0,,0.39,1.6,14.2,329,244,1148,72,46,0.0334
20251127T0600-dawn,2025-11-27T06:00:00-08:00,dawn,9.0,,1.1,2.1,12.7,329,234,1262,72,2,0.0501
20251127T1730-dusk,2025-11-27T17:30:00-08:00,dusk,9.0,,0.96,1.8,11.8,329,182,1395,72,21,0.0501
20251128T0600-dawn,2025-11-28T06:00:00-08:00,dawn,9.0,,1.15,1.8,9.0,173,182,1441,72,7,0.0501
20251128T1730-dusk,2025-11-28T17:30:00-08:00,dusk,8.7,,1.14,1.8,9.2,174,225,1491,72,2,0.0501
20251129T0600-dawn,2025-11-29T06:00:00-08:00,dawn,9.1,,1.08,1.7,6.9,171,178,1438,72,0,0.0326
20251129T1730-dusk,2025-11-29T17:30:00-08:00,dusk,9.1,,0.62,1.1,9.4,219,175,1325,72,11,0.0326
20251130T0600-dawn,2025-11-30T06:00:00-08:00,dawn,9.2,,0.78,2.1,13.9,316,134,1372,72,16,0.0324
20251130T1730-dusk,2025-11-30T17:30:00-08:00,dusk,7.5,,1.4,2.4,13.2,317,207,1676,72,100,0.0324
20251201T0600-dawn,2025-12-01T06:00:00-08:00,dawn,7.6,,1.29,2.0,12.0,322,258,2070,72,95,0.0355
20251201T1730-dusk,2025-12-01T17:30:00-08:00,dusk,7.7,,1.18,1.9,11.5,324,220,2087,72,96,0.0355
20251202T0600-dawn,2025-12-02T06:00:00-08:00,dawn,4.0,"post-rain (12h since ≥0.2"")",0.82,1.4,10.7,326,150,1912,12,23,0.0364
20251202T1730-dusk,2025-12-02T17:30:00-08:00,dusk,4.0,"post-rain (23h since ≥0.2"")",0.57,1.0,9.6,320,197,1645,23,94,0.0364
20251203T0600-dawn,2025-12-03T06:00:00-08:00,dawn,4.0,"post-rain (36h since ≥0.2"")",0.57,0.9,8.9,324,196,1320,36,41,0.0311
20251203T1730-dusk,2025-12-03T17:30:00-08:00,dusk,4.0,"post-rain (47h since ≥0.2"")",0.66,1.1,10.0,323,196,1074,47,83,0.0311
20251204T0600-dawn,2025-12-04T06:00:00-08:00,dawn,4.0,"post-rain (60h since ≥0.2"")",0.82,1.3,9.9,324,145,892,60,100,0.0319
20251204T1730-dusk,2025-12-04T17:30:00-08:00,dusk,4.0,"post-rain (71h since ≥0.2"")",0.65,1.6,6.4,61,349,892,71,82,0.0319
20251205T0600-dawn,2025-12-05T06:00:00-08:00,dawn,9.1,,0.97,2.1,7.1,57,231,1029,72,21,0.0365
20251205T1730-dusk,2025-12-05T17:30:00-08:00,dusk,8.2,,1.79,2.8,7.8,54,163,1442,72,35,0.0365
20251206T0600-dawn,2025-12-06T06:00:00-08:00,dawn,4.0,"post-rain (1h since ≥0.2"")",1.21,2.0,8.6,146,138,1933,1,17,0.0426
20251206T1730-dusk,2025-12-06T17:30:00-08:00,dusk,4.0,"post-rain (3h since ≥0.2"")",1.07,1.8,9.8,121,53,1987,3,84,0.0426
20251207T0600-dawn,2025-12-07T06:00:00-08:00,dawn,4.0,"post-rain (16h since ≥0.2"")",0.71,1.5,8.7,30,43,1951,16,98,0.041
20251207T1730-dusk,2025-12-07T17:30:00-08:00,dusk,4.0,"post-rain (27h since ≥0.2"")",0.74,1.7,8.1,55,59,1980,27,68,0.041
20251208T0600-dawn,2025-12-08T06:00:00-08:00,dawn,4.0,"post-rain (40h since ≥0.2"")",0.67,1.7,6.7,52,49,1742,40,1,0.0378
20251208T1730-dusk,2025-12-08T17:30:00-08:00,dusk,4.0,"post-rain (51h since ≥0.2"")",0.56,1.1,7.0,55,48,1477,51,4,0.0378
20251209T0600-dawn,2025-12-09T06:00:00-08:00,dawn,4.0,"post-rain (64h since ≥0.2"")",0.19,0.9,8.0,58,68,1177,64,41,0.0378
20251209T1730-dusk,2025-12-09T17:30:00-08:00,dusk,8.3,,0.35,1.2,7.6,52,133,1005,72,99,0.0378
20251210T0600-dawn,2025-12-10T06:00:00-08:00,dawn,8.9,,0.69,1.6,12.5,333,108,941,72,71,0.0373
20251210T1730-dusk,2025-12-10T17:30:00-08:00,dusk,8.0,,1.15,2.0,12.2,338,336,1130,72,1,0.0373
20251211T0600-dawn,2025-12-11T06:00:00-08:00,dawn,8.1,,1.27,1.9,10.7,334,733,1499,72,47,0.0373
20251211T1730-dusk,2025-12-11T17:30:00-08:00,dusk,6.6,,2.05,2.0,9.2,337,849,1657,72,100,0.0373
20251212T0600-dawn,2025-12-12T06:00:00-08:00,dawn,4.0,"post-rain (1h since ≥0.2"")",1.55,2.0,9.9,183,625,1720,1,70,0.0474
20251212T1730-dusk,2025-12-12T17:30:00-08:00,dusk,4.0,"post-rain (1h since ≥0.2"")",1.84,1.9,9.3,343,382,1807,1,20,0.0474
20251213T0600-dawn,2025-12-13T06:00:00-08:00,dawn,4.0,"post-rain (8h since ≥0.2"")",2.27,2.1,9.2,348,446,1776,8,58,0.044
20251213T1730-dusk,2025-12-13T17:30:00-08:00,dusk,3.6,"post-rain (19h since ≥0.2"")",4.04,2.1,8.8,356,1269,1771,19,37,0.044
20251214T0600-dawn,2025-12-14T06:00:00-08:00,dawn,4.0,"post-rain (32h since ≥0.2"")",2.08,2.0,4.0,181,1991,1654,32,29,0.044
20251214T1730-dusk,2025-12-14T17:30:00-08:00,dusk,4.0,"post-rain (43h since ≥0.2"")",1.07,1.4,8.8,236,1969,1489,43,58,0.044
20251215T0600-dawn,2025-12-15T06:00:00-08:00,dawn,4.0,"post-rain (56h since ≥0.2"")",2.11,2.6,11.5,356,1807,1680,56,46,0.044
20251215T1730-dusk,2025-12-15T17:30:00-08:00,dusk,3.9,"post-rain (67h since ≥0.2"")",3.29,3.7,12.8,358,1917,2396,67,100,0.044
20251216T0600-dawn,2025-12-16T06:00:00-08:00,dawn,6.2,,1.54,2.2,10.4,359,1507,2921,72,100,0.044
20251216T1730-dusk,2025-12-16T17:30:00-08:00,dusk,3.6,,2.72,2.3,9.2,59,1078,2749,72,81,0.044
20251217T0600-dawn,2025-12-17T06:00:00-08:00,dawn,3.7,,4.51,2.9,6.2,174,1773,3150,72,52,0.0464
20251217T1730-dusk,2025-12-17T17:30:00-08:00,dusk,1.5,wind ≥15kt in window,5.5,2.5,7.9,171,2116,3282,72,31,0.0464
20251218T0600-dawn,2025-12-18T06:00:00-08:00,dawn,3.5,"post-rain (1h since ≥0.2"")",4.29,2.8,5.7,175,2372,3382,1,76,0.0432
20251218T1730-dusk,2025-12-18T17:30:00-08:00,dusk,4.0,"post-rain (1h since ≥0.2"")",2.65,3.2,11.7,358,2188,3378,1,54,0.0432
20251219T0600-dawn,2025-12-19T06:00:00-08:00,dawn,4.0,"post-rain (9h since ≥0.2"")",2.64,2.9,10.5,354,1555,3465,9,7,0.0403
20251219T1730-dusk,2025-12-19T17:30:00-08:00,dusk,4.0,"post-rain (20h since ≥0.2"")",3.24,2.8,9.8,354,1089,3276,20,85,0.0403
20251220T0600-dawn,2025-12-20T06:00:00-08:00,dawn,4.0,"post-rain (1h since ≥0.2"")",2.9,2.4,8.6,357,527,3119,1,34,0.1303
20251220T1730-dusk,2025-12-20T17:30:00-08:00,dusk,4.0,"post-rain (1h since ≥0.2"")",3.39,3.1,10.2,359,311,3244,1,82,0.1303
20251221T0600-dawn,2025-12-21T06:00:00-08:00,dawn,4.0,"post-rain (5h since ≥0.2"")",3.49,3.0,9.7,3,178,3591,5,75,0.0431
20251221T1730-dusk,2025-12-21T17:30:00-08:00,dusk,4.0,"post-rain (16h since ≥0.2"")",2.7,2.7,9.9,3,108,3620,16,9,0.0431
20251222T0600-dawn,2025-12-22T06:00:00-08:00,dawn,4.0,"post-rain (29h since ≥0.2"")",2.53,2.4,9.1,7,74,3381,29,41,0.0451
20251222T1730-dusk,2025-12-22T17:30:00-08:00,dusk,4.0,"post-rain (40h since ≥0.2"")",3.86,3.1,8.5,14,61,3123,40,36,0.0451
20251223T0600-dawn,2025-12-23T06:00:00-08:00,dawn,4.0,"post-rain (53h since ≥0.2"")",3.31,3.1,6.1,35,69,3268,53,100,0.0451
20251223T1730-dusk,2025-12-23T17:30:00-08:00,dusk,4.0,"post-rain (64h since ≥0.2"")",6.89,4.4,7.5,32,151,3548,64,100,0.0451
20251224T0600-dawn,2025-12-24T06:00:00-08:00,dawn,5.5,,5.21,3.8,7.1,35,262,4268,72,44,0.0479
20251224T1730-dusk,2025-12-24T17:30:00-08:00,dusk,6.6,,3.18,3.1,7.2,38,238,4210,72,31,0.0479
20251225T0600-dawn,2025-12-25T06:00:00-08:00,dawn,5.9,,4.77,3.8,8.8,28,197,4232,72,16,0.0479
20251225T1730-dusk,2025-12-25T17:30:00-08:00,dusk,5.6,,5.23,3.9,9.0,26,151,4441,72,11,0.0479
20251226T0600-dawn,2025-12-26T06:00:00-08:00,dawn,6.8,,3.01,3.3,9.9,24,97,4578,72,21,0.0375
20251226T1730-dusk,2025-12-26T17:30:00-08:00,dusk,5.7,,3.33,3.5,10.1,21,66,4558,72,98,0.0375
20251227T0600-dawn,2025-12-27T06:00:00-08:00,dawn,6.1,,2.67,2.9,8.3,29,162,4202,72,99,0.0757
20251227T1730-dusk,2025-12-27T17:30:00-08:00,dusk,6.6,,1.78,2.4,8.1,33,166,3690,72,100,0.0757
20251228T0600-dawn,2025-12-28T06:00:00-08:00,dawn,7.5,,0.76,1.5,8.2,25,265,3044,72,99,0.025
20251228T1730-dusk,2025-12-28T17:30:00-08:00,dusk,7.4,,0.65,1.6,9.5,31,272,2527,72,100,0.025
20251229T0600-dawn,2025-12-29T06:00:00-08:00,dawn,8.0,,0.5,1.5,9.8,37,246,2220,72,91,0.0557
20251229T1730-dusk,2025-12-29T17:30:00-08:00,dusk,7.9,,0.77,1.5,10.3,232,182,1929,72,99,0.0557
20251230T0600-dawn,2025-12-30T06:00:00-08:00,dawn,7.7,,1.19,2.0,11.5,333,106,1903,72,99,0.0557
20251230T1730-dusk,2025-12-30T17:30:00-08:00,dusk,7.6,,1.32,2.4,7.0,55,82,2064,72,100,0.0557
20251231T0600-dawn,2025-12-31T06:00:00-08:00,dawn,7.1,,2.01,2.7,11.8,343,67,2485,72,100,0.042
20251231T1730-dusk,2025-12-31T17:30:00-08:00,dusk,7.1,,2.02,2.6,11.2,345,59,2787,72,91,0.042
20260101T0600-dawn,2026-01-01T06:00:00-08:00,dawn,8.1,,1.87,2.2,10.2,349,83,2757,72,6,0.0478
20260101T1730-dusk,2026-01-01T17:30:00-08:00,dusk,7.9,,2.06,2.0,9.6,351,68,2543,72,41,0.0478
20260102T0600-dawn,2026-01-02T06:00:00-08:00,dawn,7.7,,2.45,2.5,7.3,28,138,2478,72,31,0.048
20260102T1730-dusk,2026-01-02T17:30:00-08:00,dusk,5.9,,3.55,2.9,7.8,38,182,2736,72,100,0.048
20260103T0600-dawn,2026-01-03T06:00:00-08:00,dawn,5.3,,4.52,3.5,9.6,10,186,3345,72,98,0.048
20260103T1730-dusk,2026-01-03T17:30:00-08:00,dusk,5.6,,3.79,3.4,9.7,16,140,3514,72,100,0.048
20260104T0600-dawn,2026-01-04T06:00:00-08:00,dawn,5.7,,3.41,3.3,9.7,20,195,3616,72,100,0.048
20260104T1730-dusk,2026-01-04T17:30:00-08:00,dusk,4.0,"post-rain (1h since ≥0.2"")",2.53,3.2,10.4,22,180,3552,1,100,0.048
20260105T0600-dawn,2026-01-05T06:00:00-08:00,dawn,4.0,"post-rain (1h since ≥0.2"")",6.06,4.6,9.1,33,155,4352,1,100,0.048
20260105T1730-dusk,2026-01-05T17:30:00-08:00,dusk,4.0,"post-rain (2h since ≥0.2"")",3.4,3.7,7.2,50,126,4542,2,100,0.048
20260106T0600-dawn,2026-01-06T06:00:00-08:00,dawn,4.0,"post-rain (1h since ≥0.2"")",4.71,4.2,7.4,42,137,5086,1,91,0.0391
20260106T1730-dusk,2026-01-06T17:30:00-08:00,dusk,4.0,"post-rain (1h since ≥0.2"")",3.4,3.6,6.3,46,105,4937,1,77,0.0391
20260107T0600-dawn,2026-01-07T06:00:00-08:00,dawn,4.0,"post-rain (3h since ≥0.2"")",1.51,2.6,6.4,126,84,4524,3,46,0.0417
20260107T1730-dusk,2026-01-07T17:30:00-08:00,dusk,4.0,"post-rain (14h since ≥0.2"")",1.64,2.4,6.4,41,223,4045,14,36,0.0417
20260108T0600-dawn,2026-01-08T06:00:00-08:00,dawn,4.0,"post-rain (27h since ≥0.2"")",0.88,2.1,6.1,84,219,3428,27,1,0.0384
20260108T1730-dusk,2026-01-08T17:30:00-08:00,dusk,4.0,"post-rain (38h since ≥0.2"")",0.59,1.5,7.0,43,238,2740,38,33,0.0384
20260109T0600-dawn,2026-01-09T06:00:00-08:00,dawn,4.0,"post-rain (51h since ≥0.2"")",0.47,1.4,6.6,45,222,2001,51,1,0.0402
20260109T1730-dusk,2026-01-09T17:30:00-08:00,dusk,4.0,"post-rain (62h since ≥0.2"")",0.88,1.5,7.2,170,203,1598,62,26,0.0402
20260110T0600-dawn,2026-01-10T06:00:00-08:00,dawn,9.1,,0.88,1.5,7.3,170,208,1266,72,6,0.0402
20260110T1730-dusk,2026-01-10T17:30:00-08:00,dusk,8.7,,1.36,2.3,12.2,340,212,1222,72,34,0.0402
20260111T0600-dawn,2026-01-11T06:00:00-08:00,dawn,8.0,,2.28,3.4,13.2,340,148,2055,72,24,0.0318
20260111T1730-dusk,2026-01-11T17:30:00-08:00,dusk,7.5,,1.82,2.6,11.8,340,210,2722,72,12,0.0318
20260112T0600-dawn,2026-01-12T06:00:00-08:00,dawn,7.9,,1.41,2.1,10.9,338,503,2585,72,41,0.0356
20260112T1730-dusk,2026-01-12T17:30:00-08:00,dusk,7.6,,1.59,2.0,10.5,335,577,2260,72,62,0.0356
20260113T0600-dawn,2026-01-13T06:00:00-08:00,dawn,6.7,,3.64,2.8,10.4,327,564,2842,72,2,0.0351
20260113T1730-dusk,2026-01-13T17:30:00-08:00,dusk,6.7,,3.64,3.0,10.5,332,448,3175,72,4,0.0351
20260114T0600-dawn,2026-01-14T06:00:00-08:00,dawn,6.7,,2.28,2.3,10.1,333,229,2947,72,94,0.0508
20260114T1730-dusk,2026-01-14T17:30:00-08:00,dusk,1.9,wind ≥15kt in window,7.11,2.0,8.5,276,855,2547,72,47,0.0508
20260115T0600-dawn,2026-01-15T06:00:00-08:00,dawn,3.3,"post-rain (1h since ≥0.2"")",4.38,2.7,4.6,187,2260,2404,1,100,0.0508
20260115T1730-dusk,2026-01-15T17:30:00-08:00,dusk,4.0,"post-rain (1h since ≥0.2"")",2.12,2.0,9.9,327,1696,2434,1,41,0.0508
20260116T0600-dawn,2026-01-16T06:00:00-08:00,dawn,4.0,"post-rain (1h since ≥0.2"")",6.0,3.5,11.3,329,1480,3413,1,47,0.0526
20260116T1730-dusk,2026-01-16T17:30:00-08:00,dusk,4.0,"post-rain (8h since ≥0.2"")",4.34,2.8,10.7,332,1159,4046,8,12,0.0526
20260117T0600-dawn,2026-01-17T06:00:00-08:00,dawn,4.0,"post-rain (21h since ≥0.2"")",3.92,2.8,10.3,339,630,4025,21,23,0.038
20260117T1730-dusk,2026-01-17T17:30:00-08:00,dusk,4.0,"post-rain (32h since ≥0.2"")",3.85,2.9,10.2,345,493,4040,32,31,0.038
20260118T0600-dawn,2026-01-18T06:00:00-08:00,dawn,4.0,"post-rain (45h since ≥0.2"")",2.83,2.8,7.4,26,354,3799,45,7,0.0403
20260118T1730-dusk,2026-01-18T17:30:00-08:00,dusk,4.0,"post-rain (56h since ≥0.2"")",1.68,2.2,7.0,28,290,3451,56,99,0.0403
20260119T0600-dawn,2026-01-19T06:00:00-08:00,dawn,4.0,"post-rain (69h since ≥0.2"")",0.93,2.0,7.4,49,204,2992,69,18,0.0399
20260119T1730-dusk,2026-01-19T17:30:00-08:00,dusk,8.1,,0.62,1.6,6.9,52,374,2499,72,35,0.0399
20260120T0600-dawn,2026-01-20T06:00:00-08:00,dawn,8.9,,0.43,1.4,6.6,52,406,2019,72,2,0.0311
20260120T1730-dusk,2026-01-20T17:30:00-08:00,dusk,8.3,,0.37,1.3,7.5,51,381,1600,72,19,0.0311
20260121T0600-dawn,2026-01-21T06:00:00-08:00,dawn,9.0,,0.29,1.1,11.8,182,437,1252,72,43,0.0311
20260121T1730-dusk,2026-01-21T17:30:00-08:00,dusk,7.2,,1.51,1.4,6.1,237,442,1305,72,100,0.0311
20260122T0600-dawn,2026-01-22T06:00:00-08:00,dawn,8.0,,0.38,1.1,9.7,174,401,1231,72,100,0.0311
20260122T1730-dusk,2026-01-22T17:30:00-08:00,dusk,8.0,,0.88,1.5,10.6,325,298,1148,72,100,0.0311
20260123T0600-dawn,2026-01-23T06:00:00-08:00,dawn,7.7,,1.44,1.8,10.2,328,190,1237,72,100,0.043
20260123T1730-dusk,2026-01-23T17:30:00-08:00,dusk,8.2,,1.91,2.1,10.2,330,155,1448,72,51,0.043
20260124T0600-dawn,2026-01-24T06:00:00-08:00,dawn,7.9,,1.22,1.4,9.1,330,102,1526,72,99,0.043
20260124T1730-dusk,2026-01-24T17:30:00-08:00,dusk,8.4,,0.83,1.2,8.8,329,130,1340,72,84,0.043
20260125T0600-dawn,2026-01-25T06:00:00-08:00,dawn,9.3,,0.38,0.8,8.3,339,116,1103,72,29,0.0321
20260125T1730-dusk,2026-01-25T17:30:00-08:00,dusk,9.2,,0.45,0.8,9.1,295,135,974,72,22,0.0321
20260126T0600-dawn,2026-01-26T06:00:00-08:00,dawn,9.5,,0.11,1.0,14.6,188,129,862,72,21,0.0321
20260126T1730-dusk,2026-01-26T17:30:00-08:00,dusk,8.7,,1.71,1.8,5.5,2,132,842,72,34,0.0321
20260127T0600-dawn,2026-01-27T06:00:00-08:00,dawn,9.0,,0.25,1.3,11.1,131,102,947,72,71,0.0322
20260127T1730-dusk,2026-01-27T17:30:00-08:00,dusk,8.3,,0.98,1.6,10.3,341,197,1147,72,42,0.0322
20260128T0600-dawn,2026-01-28T06:00:00-08:00,dawn,8.6,,1.52,2.4,11.9,343,281,1436,72,34,0.0322
20260128T1730-dusk,2026-01-28T17:30:00-08:00,dusk,8.4,,1.39,2.2,11.3,349,270,1671,72,46,0.0322
20260129T0600-dawn,2026-01-29T06:00:00-08:00,dawn,8.8,,1.0,1.6,10.1,341,207,1761,72,36,0.0329
20260129T1730-dusk,2026-01-29T17:30:00-08:00,dusk,7.8,,0.34,1.2,8.9,62,234,1687,72,82,0.0329
20260130T0600-dawn,2026-01-30T06:00:00-08:00,dawn,8.8,,1.2,1.5,10.3,277,262,1455,72,12,0.0376
20260130T1730-dusk,2026-01-30T17:30:00-08:00,dusk,7.9,,1.78,2.1,10.7,329,304,1467,72,47,0.0376
20260131T0600-dawn,2026-01-31T06:00:00-08:00,dawn,7.6,,2.52,2.8,11.7,332,366,1828,72,43,0.0376
20260131T1730-dusk,2026-01-31T17:30:00-08:00,dusk,7.2,,2.65,2.6,10.5,334,286,2249,72,66,0.0376
20260201T0600-dawn,2026-02-01T06:00:00-08:00,dawn,8.5,,1.53,1.9,10.2,330,188,2244,72,0,0.0347
20260201T1730-dusk,2026-02-01T17:30:00-08:00,dusk,7.3,,0.91,1.3,7.9,3,354,2035,72,14,0.0347
20260202T0600-dawn,2026-02-02T06:00:00-08:00,dawn,5.3,,2.29,1.0,6.5,110,1165,1754,72,21,0.0347
20260202T1730-dusk,2026-02-02T17:30:00-08:00,dusk,1.0,wind ≥15kt in window,10.96,1.3,4.6,154,2922,1717,72,70,0.0347
20260203T0600-dawn,2026-02-03T06:00:00-08:00,dawn,3.9,,4.64,2.4,8.0,283,3528,1941,72,75,0.0409
20260203T1730-dusk,2026-02-03T17:30:00-08:00,dusk,4.1,,5.34,3.8,10.6,334,2448,2381,72,76,0.0409
20260204T0600-dawn,2026-02-04T06:00:00-08:00,dawn,5.5,,4.36,3.7,11.0,336,1513,3328,72,0,0.0453
20260204T1730-dusk,2026-02-04T17:30:00-08:00,dusk,6.2,,3.72,3.4,11.2,335,712,3919,72,1,0.0453
20260205T0600-dawn,2026-02-05T06:00:00-08:00,dawn,6.8,,3.15,2.7,9.0,238,249,4225,72,6,0.043
20260205T1730-dusk,2026-02-05T17:30:00-08:00,dusk,6.4,,2.17,2.2,10.1,336,355,3793,72,31,0.043
20260206T0600-dawn,2026-02-06T06:00:00-08:00,dawn,7.5,,1.4,1.5,9.3,327,756,3106,72,17,0.043
20260206T1730-dusk,2026-02-06T17:30:00-08:00,dusk,6.7,,1.22,1.6,9.5,336,787,2495,72,98,0.043
20260207T0600-dawn,2026-02-07T06:00:00-08:00,dawn,4.0,"post-rain (1h since ≥0.2"")",2.16,2.2,10.1,331,637,2009,1,100,0.043
20260207T1730-dusk,2026-02-07T17:30:00-08:00,dusk,4.0,"post-rain (1h since ≥0.2"")",3.43,2.2,6.6,9,529,2009,1,100,0.043
20260208T0600-dawn,2026-02-08T06:00:00-08:00,dawn,4.0,"post-rain (1h since ≥0.2"")",4.21,1.8,7.8,4,559,2444,1,100,0.043
20260208T1730-dusk,2026-02-08T17:30:00-08:00,dusk,3.8,"post-rain (1h since ≥0.2"")",6.81,1.9,8.8,121,672,2774,1,100,0.043
20260209T0600-dawn,2026-02-09T06:00:00-08:00,dawn,4.0,"post-rain (1h since ≥0.2"")",5.72,3.5,6.8,39,695,3812,1,100,0.043
20260209T1730-dusk,2026-02-09T17:30:00-08:00,dusk,3.1,"post-rain (1h since ≥0.2"")",7.75,4.4,7.2,39,711,4752,1,100,0.043
20260210T0600-dawn,2026-02-10T06:00:00-08:00,dawn,2.9,"post-rain (1h since ≥0.2"")",8.03,5.0,7.5,36,501,5837,1,100,0.043
20260210T1730-dusk,2026-02-10T17:30:00-08:00,dusk,2.9,"post-rain (6h since ≥0.2"")",7.01,3.9,7.4,41,392,6560,6,100,0.043
20260211T0600-dawn,2026-02-11T06:00:00-08:00,dawn,3.2,"post-rain (19h since ≥0.2"")",6.67,4.0,7.1,42,403,6293,19,99,0.043
20260211T1730-dusk,2026-02-11T17:30:00-08:00,dusk,4.0,"post-rain (30h since ≥0.2"")",4.79,3.6,6.5,44,418,5978,30,87,0.043
20260212T0600-dawn,2026-02-12T06:00:00-08:00,dawn,4.0,"post-rain (43h since ≥0.2"")",2.9,3.2,6.1,46,324,5206,43,61,0.0324
20260212T1730-dusk,2026-02-12T17:30:00-08:00,dusk,4.0,"post-rain (54h since ≥0.2"")",2.54,2.8,5.8,49,231,4359,54,72,0.0324
20260213T0600-dawn,2026-02-13T06:00:00-08:00,dawn,4.0,"post-rain (67h since ≥0.2"")",1.75,2.6,5.4,48,167,3642,67,27,0.0381
20260213T1730-dusk,2026-02-13T17:30:00-08:00,dusk,7.3,,1.71,2.5,5.2,49,97,3009,72,89,0.0381
20260214T0600-dawn,2026-02-14T06:00:00-08:00,dawn,7.1,,2.68,3.2,6.2,47,78,2697,72,75,0.041
20260214T1730-dusk,2026-02-14T17:30:00-08:00,dusk,5.9,,3.81,3.5,6.5,44,96,2799,72,97,0.041
20260215T0600-dawn,2026-02-15T06:00:00-08:00,dawn,4.9,,5.55,4.3,7.4,38,110,3069,72,100,0.041
20260215T1730-dusk,2026-02-15T17:30:00-08:00,dusk,3.7,,7.85,4.4,7.8,41,150,3908,72,100,0.041
20260216T0600-dawn,2026-02-16T06:00:00-08:00,dawn,4.7,,6.56,4.4,7.0,41,292,4951,72,29,0.041
20260216T1730-dusk,2026-02-16T17:30:00-08:00,dusk,4.7,,6.14,3.7,7.1,38,361,5030,72,32,0.041
20260217T0600-dawn,2026-02-17T06:00:00-08:00,dawn,4.2,,7.75,4.7,7.7,39,428,5255,72,12,0.0308
20260217T1730-dusk,2026-02-17T17:30:00-08:00,dusk,4.6,,6.08,4.3,7.1,39,403,5751,72,17,0.0308
20260218T0600-dawn,2026-02-18T06:00:00-08:00,dawn,5.2,,5.06,4.3,7.2,43,307,5585,72,28,0.0344
20260218T1730-dusk,2026-02-18T17:30:00-08:00,dusk,6.0,,3.95,3.8,6.8,50,209,5270,72,15,0.0344
20260219T0600-dawn,2026-02-19T06:00:00-08:00,dawn,5.1,,5.66,4.6,7.5,45,169,5290,72,34,1.9895
20260219T1730-dusk,2026-02-19T17:30:00-08:00,dusk,4.3,,5.22,4.3,7.0,47,139,5363,72,100,1.9895
20260220T0600-dawn,2026-02-20T06:00:00-08:00,dawn,5.5,,3.54,3.8,7.0,47,133,5015,72,93,0.0424
20260220T1730-dusk,2026-02-20T17:30:00-08:00,dusk,5.3,,4.22,4.0,7.0,46,101,4607,72,89,0.0424
20260221T0600-dawn,2026-02-21T06:00:00-08:00,dawn,5.8,,3.16,3.4,6.8,41,101,4262,72,100,0.0424
20260221T1730-dusk,2026-02-21T17:30:00-08:00,dusk,4.0,"post-rain (1h since ≥0.2"")",2.43,3.0,6.6,42,149,3799,1,100,0.0424
20260222T0600-dawn,2026-02-22T06:00:00-08:00,dawn,4.0,"post-rain (1h since ≥0.2"")",2.05,2.7,6.7,39,148,3222,1,16,0.0307
20260222T1730-dusk,2026-02-22T17:30:00-08:00,dusk,4.0,"post-rain (1h since ≥0.2"")",1.84,2.4,6.6,36,237,2729,1,56,0.0307
20260223T0600-dawn,2026-02-23T06:00:00-08:00,dawn,4.0,"post-rain (6h since ≥0.2"")",4.51,3.3,6.4,29,332,2425,6,90,0.0339
20260223T1730-dusk,2026-02-23T17:30:00-08:00,dusk,4.0,"post-rain (1h since ≥0.2"")",6.7,4.3,8.5,22,467,3415,1,62,0.0339
20260224T0600-dawn,2026-02-24T06:00:00-08:00,dawn,3.1,"post-rain (1h since ≥0.2"")",10.82,6.4,10.4,18,454,6047,1,3,0.0398
20260224T1730-dusk,2026-02-24T17:30:00-08:00,dusk,2.3,"post-rain (9h since ≥0.2"")",11.5,6.0,10.1,17,423,7651,9,44,0.0398
20260225T0600-dawn,2026-02-25T06:00:00-08:00,dawn,2.4,"post-rain (22h since ≥0.2"")",10.52,5.3,9.5,18,421,8594,22,29,0.0376
20260225T1730-dusk,2026-02-25T17:30:00-08:00,dusk,3.4,"post-rain (33h since ≥0.2"")",7.96,4.5,9.2,18,357,8260,33,5,0.0376
20260226T0600-dawn,2026-02-26T06:00:00-08:00,dawn,4.0,"post-rain (46h since ≥0.2"")",5.26,3.8,8.3,23,274,7362,46,9,0.0542
20260226T1730-dusk,2026-02-26T17:30:00-08:00,dusk,4.0,"post-rain (57h since ≥0.2"")",4.09,3.4,8.1,25,221,6274,57,14,0.0542
20260227T0600-dawn,2026-02-27T06:00:00-08:00,dawn,4.0,"post-rain (70h since ≥0.2"")",2.78,2.9,8.2,27,124,4738,70,2,0.0542
20260227T1730-dusk,2026-02-27T17:30:00-08:00,dusk,6.8,,1.89,2.3,7.8,27,192,3619,72,91,0.0542
20260228T0600-dawn,2026-02-28T06:00:00-08:00,dawn,7.2,,1.67,2.2,7.5,27,134,2581,72,100,0.0334
20260228T1730-dusk,2026-02-28T17:30:00-08:00,dusk,7.8,,1.04,1.7,6.7,31,157,2010,72,97,0.0334
20260301T0600-dawn,2026-03-01T06:00:00-08:00,dawn,7.7,,1.46,2.2,8.8,33,114,1685,72,100,0.0334
20260301T1730-dusk,2026-03-01T17:30:00-08:00,dusk,7.2,,1.86,2.5,8.6,33,101,1673,72,100,0.0334
20260302T0600-dawn,2026-03-02T06:00:00-08:00,dawn,7.9,,0.81,1.6,7.2,35,210,1813,72,100,0.0334
20260302T1730-dusk,2026-03-02T17:30:00-08:00,dusk,8.0,,0.76,1.6,7.4,37,154,1712,72,99,0.0334
20260303T0600-dawn,2026-03-03T06:00:00-08:00,dawn,8.8,,0.8,1.5,6.3,49,135,1608,72,51,0.0332
20260303T1730-dusk,2026-03-03T17:30:00-08:00,dusk,8.7,,1.4,2.2,4.7,48,136,1552,72,38,0.0332
20260304T0600-dawn,2026-03-04T06:00:00-08:00,dawn,7.7,,1.42,2.3,4.8,51,111,1548,72,100,0.0332
20260304T1730-dusk,2026-03-04T17:30:00-08:00,dusk,7.4,,2.23,2.7,5.3,56,111,1644,72,90,0.0332
20260305T0600-dawn,2026-03-05T06:00:00-08:00,dawn,8.4,,1.6,2.6,5.6,52,123,1765,72,40,0.032
20260305T1730-dusk,2026-03-05T17:30:00-08:00,dusk,7.2,,1.55,2.5,5.3,55,222,1760,72,97,0.032
20260306T0600-dawn,2026-03-06T06:00:00-08:00,dawn,8.5,,1.07,2.2,5.6,58,357,1746,72,50,0.0343
20260306T1730-dusk,2026-03-06T17:30:00-08:00,dusk,7.0,,2.09,2.9,5.5,55,374,1734,72,100,0.0343
20260307T0600-dawn,2026-03-07T06:00:00-08:00,dawn,4.0,"post-rain (1h since ≥0.2"")",1.69,2.6,5.4,54,257,1776,1,100,0.0343
20260307T1730-dusk,2026-03-07T17:30:00-08:00,dusk,4.0,"post-rain (5h since ≥0.2"")",2.92,3.3,5.7,55,159,1875,5,75,0.0343
20260308T0600-dawn,2026-03-08T06:00:00-07:00,dawn,4.0,"post-rain (18h since ≥0.2"")",2.47,3.2,5.8,53,117,2179,18,39,0.1391
20260308T1730-dusk,2026-03-08T17:30:00-07:00,dusk,4.0,"post-rain (29h since ≥0.2"")",2.82,3.3,6.2,53,93,2671,29,91,0.1391
20260309T0600-dawn,2026-03-09T06:00:00-07:00,dawn,4.0,"post-rain (42h since ≥0.2"")",2.16,3.0,6.2,53,85,2727,42,76,0.1391
20260309T1730-dusk,2026-03-09T17:30:00-07:00,dusk,4.0,"post-rain (53h since ≥0.2"")",1.67,2.6,6.2,53,88,2665,53,55,0.1391
20260310T0600-dawn,2026-03-10T06:00:00-07:00,dawn,4.0,"post-rain (66h since ≥0.2"")",1.24,2.3,6.2,52,117,2520,66,83,0.1391
20260310T1730-dusk,2026-03-10T17:30:00-07:00,dusk,7.2,,0.75,1.9,5.3,94,348,2357,72,99,0.1391
20260311T0600-dawn,2026-03-11T06:00:00-07:00,dawn,7.2,,1.52,1.8,7.0,182,331,2302,72,100,0.0328
20260311T1730-dusk,2026-03-11T17:30:00-07:00,dusk,2.9,"post-rain (1h since ≥0.2"")",3.86,1.7,9.6,177,611,2153,1,93,0.0328
20260312T0600-dawn,2026-03-12T06:00:00-07:00,dawn,4.0,"post-rain (1h since ≥0.2"")",0.6,1.7,9.2,137,1248,2147,1,92,0.0328
20260312T1730-dusk,2026-03-12T17:30:00-07:00,dusk,4.0,"post-rain (1h since ≥0.2"")",0.84,1.6,9.9,179,1175,2084,1,100,0.0328
20260313T0600-dawn,2026-03-13T06:00:00-07:00,dawn,4.0,"post-rain (1h since ≥0.2"")",1.68,1.5,8.8,176,1223,1879,1,100,0.0328
20260313T1730-dusk,2026-03-13T17:30:00-07:00,dusk,1.0,"post-rain (1h since ≥0.2"")",17.71,1.8,7.5,205,2315,2374,1,100,0.0328
20260314T0600-dawn,2026-03-14T06:00:00-07:00,dawn,1.0,"post-rain (1h since ≥0.2"")",25.44,4.7,6.8,179,4393,3605,1,100,0.0328
20260314T1730-dusk,2026-03-14T17:30:00-07:00,dusk,1.0,"post-rain (1h since ≥0.2"")",24.24,5.1,6.8,197,5151,5436,1,100,0.0328
20260315T0600-dawn,2026-03-15T06:00:00-07:00,dawn,1.0,"post-rain (1h since ≥0.2"")",11.02,4.1,6.3,188,4525,5973,1,88,0.0328
20260315T1730-dusk,2026-03-15T17:30:00-07:00,dusk,1.0,"post-rain (1h since ≥0.2"")",7.97,3.5,6.1,185,4230,5731,1,88,0.0328
20260316T0600-dawn,2026-03-16T06:00:00-07:00,dawn,3.8,"post-rain (1h since ≥0.2"")",2.78,2.3,7.0,184,2995,5300,1,100,0.1546
20260316T1730-dusk,2026-03-16T17:30:00-07:00,dusk,4.0,"post-rain (1h since ≥0.2"")",2.15,1.5,7.9,273,1949,4567,1,86,0.1546
20260317T0600-dawn,2026-03-17T06:00:00-07:00,dawn,4.0,"post-rain (1h since ≥0.2"")",1.61,1.8,7.3,184,1098,3651,1,100,0.1546
20260317T1730-dusk,2026-03-17T17:30:00-07:00,dusk,4.0,"post-rain (1h since ≥0.2"")",0.73,1.8,11.9,181,511,2932,1,100,0.1546
20260318T0600-dawn,2026-03-18T06:00:00-07:00,dawn,4.0,"post-rain (1h since ≥0.2"")",3.54,2.8,10.7,299,206,2762,1,84,0.1546
20260318T1730-dusk,2026-03-18T17:30:00-07:00,dusk,4.0,"post-rain (1h since ≥0.2"")",1.96,2.6,10.8,182,119,3136,1,77,0.1546
20260319T0600-dawn,2026-03-19T06:00:00-07:00,dawn,4.0,"post-rain (11h since ≥0.2"")",2.04,2.5,10.5,183,84,3279,11,94,0.1546
20260319T1730-dusk,2026-03-19T17:30:00-07:00,dusk,4.0,"post-rain (22h since ≥0.2"")",1.31,2.2,11.2,188,244,3238,22,95,0.1546
20260320T0600-dawn,2026-03-20T06:00:00-07:00,dawn,1.9,"post-rain (1h since ≥0.2"")",5.51,2.1,7.6,245,681,3164,1,97,0.1546
20260320T1730-dusk,2026-03-20T17:30:00-07:00,dusk,1.0,"post-rain (1h since ≥0.2"")",5.43,2.5,6.3,176,2091,3272,1,100,0.1546
20260321T0600-dawn,2026-03-21T06:00:00-07:00,dawn,1.4,"post-rain (1h since ≥0.2"")",3.65,2.7,9.4,8,2813,3418,1,100,0.1546
20260321T1730-dusk,2026-03-21T17:30:00-07:00,dusk,2.0,"post-rain (1h since ≥0.2"")",3.93,2.8,9.3,10,2968,3656,1,100,0.1546
20260322T0600-dawn,2026-03-22T06:00:00-07:00,dawn,3.5,"post-rain (1h since ≥0.2"")",3.01,2.7,8.9,16,2576,3645,1,100,0.1546
20260322T1730-dusk,2026-03-22T17:30:00-07:00,dusk,4.0,"post-rain (1h since ≥0.2"")",2.3,2.4,8.4,17,1859,3495,1,100,0.1546
20260323T0600-dawn,2026-03-23T06:00:00-07:00,dawn,4.0,"post-rain (1h since ≥0.2"")",2.1,2.3,7.8,18,917,3186,1,100,0.1546
20260323T1730-dusk,2026-03-23T17:30:00-07:00,dusk,4.0,"post-rain (1h since ≥0.2"")",1.9,2.1,7.5,16,468,2839,1,70,0.1546
20260324T0600-dawn,2026-03-24T06:00:00-07:00,dawn,4.0,"post-rain (1h since ≥0.2"")",1.54,2.0,7.0,75,337,2514,1,91,0.1246
20260324T1730-dusk,2026-03-24T17:30:00-07:00,dusk,4.0,"post-rain (6h since ≥0.2"")",4.66,2.2,8.3,8,366,2388,6,44,0.1246
20260325T0600-dawn,2026-03-25T06:00:00-07:00,dawn,4.0,"post-rain (19h since ≥0.2"")",5.79,3.7,6.5,23,465,2675,19,18,0.0495
20260325T1730-dusk,2026-03-25T17:30:00-07:00,dusk,4.0,"post-rain (30h since ≥0.2"")",6.63,3.8,7.3,26,505,2865,30,64,0.0495
20260326T0600-dawn,2026-03-26T06:00:00-07:00,dawn,4.0,"post-rain (43h since ≥0.2"")",4.63,3.6,7.3,29,469,3381,43,13,0.0778
20260326T1730-dusk,2026-03-26T17:30:00-07:00,dusk,4.0,"post-rain (54h since ≥0.2"")",4.5,3.4,7.2,31,479,3560,54,54,0.0778
20260327T0600-dawn,2026-03-27T06:00:00-07:00,dawn,4.0,"post-rain (67h since ≥0.2"")",2.35,2.7,7.1,32,411,3514,67,7,0.0775
20260327T1730-dusk,2026-03-27T17:30:00-07:00,dusk,6.9,,2.59,2.6,7.5,29,356,3382,72,53,0.0775
20260328T0600-dawn,2026-03-28T06:00:00-07:00,dawn,6.4,,2.33,2.6,8.5,31,385,3226,72,99,0.0775
20260328T1730-dusk,2026-03-28T17:30:00-07:00,dusk,5.5,,3.28,2.2,8.9,33,465,3120,72,99,0.0775
20260329T0600-dawn,2026-03-29T06:00:00-07:00,dawn,5.5,,3.45,2.2,9.5,184,591,3094,72,100,0.0775
20260329T1730-dusk,2026-03-29T17:30:00-07:00,dusk,4.1,,7.75,4.1,9.5,12,626,3334,72,64,0.0775
20260330T0600-dawn,2026-03-30T06:00:00-07:00,dawn,3.0,,8.51,4.4,8.8,14,618,4810,72,100,0.0348
20260330T1730-dusk,2026-03-30T17:30:00-07:00,dusk,2.6,,9.22,4.6,9.3,15,574,5272,72,99,0.0348
20260331T0600-dawn,2026-03-31T06:00:00-07:00,dawn,4.0,,8.03,4.4,9.1,18,483,5689,72,12,0.0348
20260331T1730-dusk,2026-03-31T17:30:00-07:00,dusk,3.5,,9.32,4.8,8.5,22,421,6000,72,40,0.0348
20260401T0600-dawn,2026-04-01T06:00:00-07:00,dawn,4.5,,6.22,4.2,7.6,28,359,6150,72,5,0.0516
20260401T1730-dusk,2026-04-01T17:30:00-07:00,dusk,4.8,,5.56,3.8,8.0,28,274,5865,72,35,0.0516
20260402T0600-dawn,2026-04-02T06:00:00-07:00,dawn,5.7,,4.55,3.6,7.1,31,241,5040,72,24,0.0104
20260402T1730-dusk,2026-04-02T17:30:00-07:00,dusk,5.5,,3.43,3.3,6.8,34,189,4479,72,100,0.0104
20260403T0600-dawn,2026-04-03T06:00:00-07:00,dawn,6.2,,2.69,2.8,6.3,34,185,3695,72,99,0.0104
20260403T1730-dusk,2026-04-03T17:30:00-07:00,dusk,7.1,,2.38,2.3,6.4,32,200,3221,72,65,0.0104
20260404T0600-dawn,2026-04-04T06:00:00-07:00,dawn,8.4,,1.32,1.6,9.1,184,186,2669,72,3,0.0344
20260404T1730-dusk,2026-04-04T17:30:00-07:00,dusk,7.9,,0.74,1.4,10.0,186,181,2225,72,94,0.0344
20260405T0600-dawn,2026-04-05T06:00:00-07:00,dawn,9.0,,0.7,1.5,6.0,40,159,1803,72,9,0.0344
20260405T1730-dusk,2026-04-05T17:30:00-07:00,dusk,8.6,,0.52,1.6,9.3,134,115,1566,72,74,0.0344
20260406T0600-dawn,2026-04-06T06:00:00-07:00,dawn,4.0,"post-rain (1h since ≥0.2"")",0.55,1.7,8.2,89,87,1421,1,100,0.0359
20260406T1730-dusk,2026-04-06T17:30:00-07:00,dusk,4.0,"post-rain (1h since ≥0.2"")",0.63,1.6,7.0,45,143,1353,1,99,0.0359
20260407T0600-dawn,2026-04-07T06:00:00-07:00,dawn,4.0,"post-rain (10h since ≥0.2"")",0.44,1.6,13.2,185,141,1334,10,16,0.0562
20260407T1730-dusk,2026-04-07T17:30:00-07:00,dusk,4.0,"post-rain (21h since ≥0.2"")",0.78,2.3,13.5,183,150,1437,21,87,0.0562
20260408T0600-dawn,2026-04-08T06:00:00-07:00,dawn,4.0,"post-rain (1h since ≥0.2"")",1.31,2.6,13.0,184,189,2065,1,33,0.0562
20260408T1730-dusk,2026-04-08T17:30:00-07:00,dusk,4.0,"post-rain (1h since ≥0.2"")",1.67,2.8,12.5,185,514,2655,1,100,0.0562
20260409T0600-dawn,2026-04-09T06:00:00-07:00,dawn,4.0,"post-rain (1h since ≥0.2"")",1.51,2.6,12.3,183,577,3494,1,100,0.0562
20260409T1730-dusk,2026-04-09T17:30:00-07:00,dusk,4.0,"post-rain (1h since ≥0.2"")",1.31,2.3,11.2,183,556,3577,1,100,0.0562
20260410T0600-dawn,2026-04-10T06:00:00-07:00,dawn,4.0,"post-rain (6h since ≥0.2"")",1.14,2.2,11.6,185,441,3464,6,100,0.0562
20260410T1730-dusk,2026-04-10T17:30:00-07:00,dusk,4.0,"post-rain (1h since ≥0.2"")",2.58,2.3,7.7,181,385,3186,1,100,0.0562
20260411T0600-dawn,2026-04-11T06:00:00-07:00,dawn,4.0,"post-rain (1h since ≥0.2"")",3.49,2.5,4.8,176,906,2996,1,100,0.0562
20260411T1730-dusk,2026-04-11T17:30:00-07:00,dusk,4.0,"post-rain (1h since ≥0.2"")",1.89,2.0,7.9,182,1561,2763,1,100,0.0562
20260412T0600-dawn,2026-04-12T06:00:00-07:00,dawn,4.0,"post-rain (1h since ≥0.2"")",2.26,2.2,8.6,181,1155,2439,1,78,0.0562
20260412T1730-dusk,2026-04-12T17:30:00-07:00,dusk,4.0,"post-rain (10h since ≥0.2"")",0.78,1.4,9.6,185,824,2225,10,100,0.0562
20260413T0600-dawn,2026-04-13T06:00:00-07:00,dawn,4.0,"post-rain (1h since ≥0.2"")",0.97,1.7,10.1,180,457,1910,1,100,0.0562
20260413T1730-dusk,2026-04-13T17:30:00-07:00,dusk,4.0,"post-rain (1h since ≥0.2"")",1.07,1.7,10.0,181,325,1695,1,100,0.0562
20260414T0600-dawn,2026-04-14T06:00:00-07:00,dawn,4.0,"post-rain (4h since ≥0.2"")",1.18,2.2,10.9,180,348,1570,4,99,0.013
20260414T1730-dusk,2026-04-14T17:30:00-07:00,dusk,4.0,"post-rain (15h since ≥0.2"")",0.97,2.0,11.1,181,313,1601,15,89,0.013
20260415T0600-dawn,2026-04-15T06:00:00-07:00,dawn,4.0,"post-rain (28h since ≥0.2"")",1.23,2.1,10.7,183,189,1563,28,100,0.013
20260415T1730-dusk,2026-04-15T17:30:00-07:00,dusk,4.0,"post-rain (39h since ≥0.2"")",1.56,2.2,10.5,182,184,1578,39,100,0.013
20260416T0600-dawn,2026-04-16T06:00:00-07:00,dawn,4.0,"post-rain (52h since ≥0.2"")",1.14,2.1,10.8,180,213,1630,52,99,0.013
20260416T1730-dusk,2026-04-16T17:30:00-07:00,dusk,4.0,"post-rain (63h since ≥0.2"")",1.84,2.2,9.9,184,236,1901,63,100,0.013
20260417T0600-dawn,2026-04-17T06:00:00-07:00,dawn,8.6,,1.5,1.9,9.5,182,199,1711,72,27,0.0338
20260417T1730-dusk,2026-04-17T17:30:00-07:00,dusk,8.0,,1.46,1.8,9.8,180,163,1612,72,81,0.0338
20260418T0600-dawn,2026-04-18T06:00:00-07:00,dawn,7.9,,1.14,1.7,9.8,180,151,1488,72,100,0.0338
20260418T1730-dusk,2026-04-18T17:30:00-07:00,dusk,7.6,,1.42,1.8,9.1,180,192,1377,72,82,0.0338
20260419T0600-dawn,2026-04-19T06:00:00-07:00,dawn,8.1,,1.08,1.6,8.1,179,191,1336,72,95,0.0338
20260419T1730-dusk,2026-04-19T17:30:00-07:00,dusk,8.1,,0.88,1.5,8.8,178,135,1140,72,100,0.0338
20260420T0600-dawn,2026-04-20T06:00:00-07:00,dawn,8.4,,0.88,1.4,8.2,180,129,1054,72,86,0.0804
20260420T1730-dusk,2026-04-20T17:30:00-07:00,dusk,8.8,,0.8,1.3,8.8,180,172,979,72,69,0.0804
20260421T0600-dawn,2026-04-21T06:00:00-07:00,dawn,9.2,,0.87,1.6,6.9,30,168,971,72,28,0.0804
20260421T1730-dusk,2026-04-21T17:30:00-07:00,dusk,8.5,,0.92,1.7,6.3,31,173,1093,72,81,0.0804
20260422T0600-dawn,2026-04-22T06:00:00-07:00,dawn,8.5,,1.79,2.8,10.3,29,127,1465,72,31,0.0414
20260422T1730-dusk,2026-04-22T17:30:00-07:00,dusk,7.1,,2.56,3.1,9.9,25,137,2267,72,81,0.0414
20260423T0600-dawn,2026-04-23T06:00:00-07:00,dawn,7.8,,2.44,2.7,8.9,24,102,2635,72,7,0.0354
20260423T1730-dusk,2026-04-23T17:30:00-07:00,dusk,7.1,,1.86,2.3,8.2,26,81,2570,72,99,0.0354
20260424T0600-dawn,2026-04-24T06:00:00-07:00,dawn,8.1,,1.36,1.8,7.2,25,148,2292,72,65,0.0354
20260424T1730-dusk,2026-04-24T17:30:00-07:00,dusk,8.1,,1.98,1.9,6.4,27,205,1983,72,36,0.0354
20260425T0600-dawn,2026-04-25T06:00:00-07:00,dawn,7.7,,2.62,2.6,5.8,32,280,1986,72,26,0.0354
20260425T1730-dusk,2026-04-25T17:30:00-07:00,dusk,6.9,,2.65,2.7,5.8,33,256,1982,72,89,0.0354
20260426T0600-dawn,2026-04-26T06:00:00-07:00,dawn,8.4,,1.83,2.4,5.6,35,191,1902,72,7,0.0345
20260426T1730-dusk,2026-04-26T17:30:00-07:00,dusk,8.2,,2.06,2.4,5.9,37,127,1855,72,26,0.0345
20260427T0600-dawn,2026-04-27T06:00:00-07:00,dawn,8.5,,1.74,2.4,5.7,40,112,1832,72,3,0.0172
20260427T1730-dusk,2026-04-27T17:30:00-07:00,dusk,7.5,,1.78,2.5,5.7,43,80,1806,72,96,0.0172
20260428T0600-dawn,2026-04-28T06:00:00-07:00,dawn,4.0,"post-rain (1h since ≥0.2"")",1.52,2.3,5.5,43,90,1668,1,9,0.0172
20260428T1730-dusk,2026-04-28T17:30:00-07:00,dusk,4.0,"post-rain (2h since ≥0.2"")",1.08,1.9,5.2,44,82,1495,2,47,0.0172
20260429T0600-dawn,2026-04-29T06:00:00-07:00,dawn,4.0,"post-rain (15h since ≥0.2"")",1.34,1.9,5.1,45,109,1319,15,10,0.0172
20260429T1730-dusk,2026-04-29T17:30:00-07:00,dusk,4.0,"post-rain (26h since ≥0.2"")",1.35,1.7,7.1,41,182,1359,26,27,0.0172
20260430T0600-dawn,2026-04-30T06:00:00-07:00,dawn,4.0,"post-rain (39h since ≥0.2"")",1.09,1.7,6.6,44,203,1366,39,28,0.0172
20260430T1730-dusk,2026-04-30T17:30:00-07:00,dusk,4.0,"post-rain (50h since ≥0.2"")",1.84,2.0,7.2,42,248,1455,50,7,0.0172
20260501T0600-dawn,2026-05-01T06:00:00-07:00,dawn,4.0,"post-rain (63h since ≥0.2"")",2.33,2.7,6.0,44,258,1727,63,26,0.0537
20260501T1730-dusk,2026-05-01T17:30:00-07:00,dusk,7.1,,3.28,3.2,5.7,45,268,2183,72,43,0.0537
20260502T0600-dawn,2026-05-02T06:00:00-07:00,dawn,7.9,,2.02,2.5,7.2,42,255,2716,72,13,0.0537
20260502T1730-dusk,2026-05-02T17:30:00-07:00,dusk,7.1,,1.78,2.4,7.9,45,223,2750,72,93,0.0537
20260503T0600-dawn,2026-05-03T06:00:00-07:00,dawn,7.9,,1.51,2.5,8.1,47,169,2715,72,64,0.0332
20260503T1730-dusk,2026-05-03T17:30:00-07:00,dusk,7.7,,1.23,1.9,7.7,48,129,2681,72,84,0.0332
20260504T0600-dawn,2026-05-04T06:00:00-07:00,dawn,7.8,,0.91,1.8,11.2,178,140,2507,72,90,0.0474
20260504T1730-dusk,2026-05-04T17:30:00-07:00,dusk,7.7,,1.06,1.7,10.5,178,130,2314,72,100,0.0474
20260505T0600-dawn,2026-05-05T06:00:00-07:00,dawn,4.0,"post-rain (1h since ≥0.2"")",0.63,1.8,7.8,97,109,2147,1,46,0.0474
20260505T1730-dusk,2026-05-05T17:30:00-07:00,dusk,4.0,"post-rain (1h since ≥0.2"")",0.97,1.7,7.8,167,140,2043,1,41,0.0474
20260506T0600-dawn,2026-05-06T06:00:00-07:00,dawn,4.0,"post-rain (11h since ≥0.2"")",0.84,1.6,7.2,167,175,1781,11,32,0.0396
20260506T1730-dusk,2026-05-06T17:30:00-07:00,dusk,4.0,"post-rain (22h since ≥0.2"")",0.83,1.6,7.7,167,187,1679,22,31,0.0396
20260507T0600-dawn,2026-05-07T06:00:00-07:00,dawn,4.0,"post-rain (35h since ≥0.2"")",0.52,1.6,12.3,183,213,1545,35,48,0.0396
20260507T1730-dusk,2026-05-07T17:30:00-07:00,dusk,4.0,"post-rain (46h since ≥0.2"")",0.84,1.8,11.9,183,170,1506,46,41,0.0396
20260508T0600-dawn,2026-05-08T06:00:00-07:00,dawn,4.0,"post-rain (59h since ≥0.2"")",1.06,2.2,11.4,179,140,1771,59,100,0.0376
20260508T1730-dusk,2026-05-08T17:30:00-07:00,dusk,4.0,"post-rain (70h since ≥0.2"")",1.44,2.1,10.8,178,154,1915,70,100,0.0376
20260509T0600-dawn,2026-05-09T06:00:00-07:00,dawn,7.6,,1.06,2.2,11.6,181,225,2136,72,100,0.0376
20260509T1730-dusk,2026-05-09T17:30:00-07:00,dusk,4.0,"post-rain (1h since ≥0.2"")",1.32,2.1,10.8,181,196,2245,1,100,0.0376
20260510T0600-dawn,2026-05-10T06:00:00-07:00,dawn,4.0,"post-rain (1h since ≥0.2"")",0.97,1.9,8.2,128,157,2217,1,99,0.0376
20260510T1730-dusk,2026-05-10T17:30:00-07:00,dusk,4.0,"post-rain (2h since ≥0.2"")",1.65,2.1,7.5,36,159,2196,2,80,0.0376
20260511T0600-dawn,2026-05-11T06:00:00-07:00,dawn,4.0,"post-rain (15h since ≥0.2"")",1.15,1.6,10.2,178,186,2131,15,14,0.0376
20260511T1730-dusk,2026-05-11T17:30:00-07:00,dusk,4.0,"post-rain (26h since ≥0.2"")",1.36,1.4,10.2,179,251,2032,26,12,0.0376
20260512T0600-dawn,2026-05-12T06:00:00-07:00,dawn,4.0,"post-rain (39h since ≥0.2"")",0.96,1.9,12.1,183,269,1998,39,4,0.0376
20260512T1730-dusk,2026-05-12T17:30:00-07:00,dusk,4.0,"post-rain (50h since ≥0.2"")",1.51,1.9,10.3,132,255,2226,50,38,0.0376
20260513T0600-dawn,2026-05-13T06:00:00-07:00,dawn,4.0,"post-rain (63h since ≥0.2"")",1.47,2.2,7.3,44,253,2214,63,78,0.0319
20260513T1730-dusk,2026-05-13T17:30:00-07:00,dusk,8.1,,1.93,2.1,7.7,43,217,2265,72,19,0.0319
20260514T0600-dawn,2026-05-14T06:00:00-07:00,dawn,8.3,,1.14,1.9,7.4,38,240,2269,72,60,0.0456
20260514T1730-dusk,2026-05-14T17:30:00-07:00,dusk,4.0,"post-rain (1h since ≥0.2"")",1.8,2.2,7.0,37,172,2229,1,98,0.0456
20260515T0600-dawn,2026-05-15T06:00:00-07:00,dawn,4.0,"post-rain (1h since ≥0.2"")",1.24,2.2,7.0,44,115,2187,1,62,0.0456
20260515T1730-dusk,2026-05-15T17:30:00-07:00,dusk,4.0,"post-rain (1h since ≥0.2"")",1.37,2.3,6.9,47,169,2243,1,99,0.0456
20260516T0600-dawn,2026-05-16T06:00:00-07:00,dawn,4.0,"post-rain (2h since ≥0.2"")",1.14,2.2,7.5,45,91,2315,2,18,0.0456
20260516T1730-dusk,2026-05-16T17:30:00-07:00,dusk,4.0,"post-rain (13h since ≥0.2"")",0.8,1.8,10.2,168,124,2306,13,90,0.0456
20260517T0600-dawn,2026-05-17T06:00:00-07:00,dawn,4.0,"post-rain (26h since ≥0.2"")",0.64,1.8,10.7,167,93,2359,26,31,0.0245
20260517T1730-dusk,2026-05-17T17:30:00-07:00,dusk,4.0,"post-rain (37h since ≥0.2"")",0.55,1.7,13.5,189,63,2383,37,60,0.0245
20260518T0600-dawn,2026-05-18T06:00:00-07:00,dawn,4.0,"post-rain (50h since ≥0.2"")",0.73,1.7,12.8,188,66,2419,50,49,0.0245
20260518T1730-dusk,2026-05-18T17:30:00-07:00,dusk,4.0,"post-rain (61h since ≥0.2"")",1.79,2.1,8.8,94,86,2417,61,63,0.0245
20260519T0600-dawn,2026-05-19T06:00:00-07:00,dawn,8.6,,1.12,2.0,10.8,180,136,2374,72,31,0.0328
20260519T1730-dusk,2026-05-19T17:30:00-07:00,dusk,7.6,,1.64,2.2,7.0,50,108,2288,72,84,0.0328
20260520T0600-dawn,2026-05-20T06:00:00-07:00,dawn,7.9,,1.84,2.6,7.4,50,147,2335,72,55,0.0425
20260520T1730-dusk,2026-05-20T17:30:00-07:00,dusk,6.1,,5.09,3.4,7.1,48,211,2669,72,27,0.0425
20260521T0600-dawn,2026-05-21T06:00:00-07:00,dawn,5.6,,3.65,3.0,6.0,46,331,3164,72,99,0.0425
20260521T1730-dusk,2026-05-21T17:30:00-07:00,dusk,5.4,,5.53,2.9,7.3,50,437,3451,72,24,0.0425
20260522T0600-dawn,2026-05-22T06:00:00-07:00,dawn,5.6,,4.79,3.1,7.3,45,531,4268,72,24,0.0352
20260522T1730-dusk,2026-05-22T17:30:00-07:00,dusk,5.4,,4.78,2.8,7.8,46,562,4311,72,24,0.0352
20260523T0600-dawn,2026-05-23T06:00:00-07:00,dawn,5.1,,5.58,3.9,6.6,41,539,4338,72,34,0.0352
20260523T1730-dusk,2026-05-23T17:30:00-07:00,dusk,5.5,,4.6,3.3,7.0,48,520,4714,72,17,0.0352
20260524T0600-dawn,2026-05-24T06:00:00-07:00,dawn,5.5,,4.64,3.9,6.5,42,464,4862,72,35,0.028
20260524T1730-dusk,2026-05-24T17:30:00-07:00,dusk,6.0,,4.02,3.4,6.5,42,377,4778,72,6,0.028
20260525T0600-dawn,2026-05-25T06:00:00-07:00,dawn,6.1,,3.91,3.3,6.2,41,360,4601,72,21,0.0475
20260525T1730-dusk,2026-05-25T17:30:00-07:00,dusk,6.4,,3.12,3.1,5.9,42,328,4278,72,50,0.0475
20260526T0600-dawn,2026-05-26T06:00:00-07:00,dawn,6.8,,3.06,3.2,5.8,44,304,3988,72,20,0.0475
20260526T1730-dusk,2026-05-26T17:30:00-07:00,dusk,7.0,,2.89,2.6,6.1,45,256,3592,72,14,0.0475
20260527T0600-dawn,2026-05-27T06:00:00-07:00,dawn,7.7,,1.99,2.6,7.2,44,307,3398,72,2,0.0475
20260527T1730-dusk,2026-05-27T17:30:00-07:00,dusk,7.4,,2.06,2.3,7.5,46,243,3136,72,55,0.0475
20260528T0600-dawn,2026-05-28T06:00:00-07:00,dawn,7.7,,1.71,2.5,6.6,44,251,3005,72,51,0.0363
20260528T1730-dusk,2026-05-28T17:30:00-07:00,dusk,8.2,,1.19,1.7,10.2,180,202,2965,72,31,0.0363
20260529T0600-dawn,2026-05-29T06:00:00-07:00,dawn,8.7,,0.39,1.7,15.4,184,171,2837,72,15,0.0233
20260529T1730-dusk,2026-05-29T17:30:00-07:00,dusk,8.4,,0.99,2.3,13.3,182,139,2954,72,38,0.0233
20260530T0600-dawn,2026-05-30T06:00:00-07:00,dawn,8.1,,1.52,2.9,12.9,181,111,3275,72,17,0.0293
20260530T1730-dusk,2026-05-30T17:30:00-07:00,dusk,7.0,,1.5,3.0,13.3,182,79,3594,72,100,0.0293
20260531T0600-dawn,2026-05-31T06:00:00-07:00,dawn,4.0,"post-rain (1h since ≥0.2"")",1.94,3.1,12.5,182,58,3866,1,88,0.0293
20260531T1730-dusk,2026-05-31T17:30:00-07:00,dusk,4.0,"post-rain (1h since ≥0.2"")",1.98,3.1,12.6,182,84,4030,1,41,0.0293
20260601T0600-dawn,2026-06-01T06:00:00-07:00,dawn,4.0,"post-rain (1h since ≥0.2"")",1.63,2.8,12.2,182,81,4019,1,69,0.0293
20260601T1730-dusk,2026-06-01T17:30:00-07:00,dusk,4.0,"post-rain (1h since ≥0.2"")",2.01,2.6,12.6,182,111,3965,1,64,0.0293
20260602T0600-dawn,2026-06-02T06:00:00-07:00,dawn,4.0,"post-rain (1h since ≥0.2"")",1.62,3.3,13.6,182,148,3912,1,98,0.0293
20260602T1730-dusk,2026-06-02T17:30:00-07:00,dusk,4.0,"post-rain (1h since ≥0.2"")",1.88,3.9,13.9,181,127,4433,1,94,0.0293
20260603T0600-dawn,2026-06-03T06:00:00-07:00,dawn,4.0,"post-rain (1h since ≥0.2"")",2.66,3.9,13.4,180,121,5254,1,24,0.0293
20260603T1730-dusk,2026-06-03T17:30:00-07:00,dusk,4.0,"post-rain (1h since ≥0.2"")",4.07,3.9,12.6,181,173,5904,1,3,0.0293
20260604T0600-dawn,2026-06-04T06:00:00-07:00,dawn,4.0,"post-rain (14h since ≥0.2"")",2.54,3.2,10.9,178,195,5884,14,9,0.0386
20260604T1730-dusk,2026-06-04T17:30:00-07:00,dusk,4.0,"post-rain (1h since ≥0.2"")",1.79,2.7,9.8,137,151,5421,1,62,0.0386
20260605T0600-dawn,2026-06-05T06:00:00-07:00,dawn,4.0,"post-rain (1h since ≥0.2"")",1.89,2.7,8.8,94,210,4945,1,24,0.0329
20260605T1730-dusk,2026-06-05T17:30:00-07:00,dusk,4.0,"post-rain (2h since ≥0.2"")",2.21,2.6,7.5,50,199,4694,2,62,0.0329
20260606T0600-dawn,2026-06-06T06:00:00-07:00,dawn,4.0,"post-rain (15h since ≥0.2"")",1.82,2.5,7.1,47,254,4012,15,4,0.0329
20260606T1730-dusk,2026-06-06T17:30:00-07:00,dusk,4.0,"post-rain (26h since ≥0.2"")",2.1,2.5,6.1,47,270,3427,26,28,0.0329
20260607T0600-dawn,2026-06-07T06:00:00-07:00,dawn,4.0,"post-rain (39h since ≥0.2"")",1.25,2.2,8.7,46,235,2965,39,35,0.0339
20260607T1730-dusk,2026-06-07T17:30:00-07:00,dusk,4.0,"post-rain (50h since ≥0.2"")",2.12,2.5,6.6,45,197,2738,50,28,0.0339
20260608T0600-dawn,2026-06-08T06:00:00-07:00,dawn,4.0,"post-rain (63h since ≥0.2"")",1.78,2.7,7.7,46,160,2720,63,7,0.0339
20260608T1730-dusk,2026-06-08T17:30:00-07:00,dusk,7.9,,2.2,2.6,6.0,46,136,2669,72,10,0.0339
20260609T0600-dawn,2026-06-09T06:00:00-07:00,dawn,8.2,,1.66,2.5,7.5,48,116,2771,72,15,0.0323
20260609T1730-dusk,2026-06-09T17:30:00-07:00,dusk,4.0,"post-rain (1h since ≥0.2"")",1.79,2.5,6.6,49,107,2750,1,46,0.0323
20260610T0600-dawn,2026-06-10T06:00:00-07:00,dawn,4.0,"post-rain (1h since ≥0.2"")",1.21,2.2,7.2,47,114,2591,1,93,0.0323
20260610T1730-dusk,2026-06-10T17:30:00-07:00,dusk,4.0,"post-rain (1h since ≥0.2"")",1.43,2.1,5.7,49,100,2403,1,95,0.0323
20260611T0600-dawn,2026-06-11T06:00:00-07:00,dawn,4.0,"post-rain (1h since ≥0.2"")",1.15,1.7,8.3,175,105,2110,1,27,0.0323
20260611T1730-dusk,2026-06-11T17:30:00-07:00,dusk,4.0,"post-rain (1h since ≥0.2"")",0.95,1.8,10.6,176,84,1876,1,26,0.0323
20260612T0600-dawn,2026-06-12T06:00:00-07:00,dawn,4.0,"post-rain (13h since ≥0.2"")",0.84,1.8,10.7,176,91,1662,13,6,0.027
20260612T1730-dusk,2026-06-12T17:30:00-07:00,dusk,4.0,"post-rain (24h since ≥0.2"")",0.91,2.0,12.1,178,107,1615,24,83,0.027
20260613T0600-dawn,2026-06-13T06:00:00-07:00,dawn,4.0,"post-rain (37h since ≥0.2"")",0.75,1.6,10.1,177,94,1571,37,18,0.0301
20260613T1730-dusk,2026-06-13T17:30:00-07:00,dusk,4.0,"post-rain (48h since ≥0.2"")",0.59,1.5,13.9,182,128,1536,48,65,0.0301
20260614T0600-dawn,2026-06-14T06:00:00-07:00,dawn,4.0,"post-rain (61h since ≥0.2"")",0.39,2.0,16.2,192,161,1699,61,45,0.0354
20260614T1730-dusk,2026-06-14T17:30:00-07:00,dusk,7.9,,0.94,2.8,14.1,187,116,1975,72,95,0.0354
20260615T0600-dawn,2026-06-15T06:00:00-07:00,dawn,4.0,"post-rain (1h since ≥0.2"")",1.14,2.6,13.5,187,135,2347,1,8,0.0388
20260615T1730-dusk,2026-06-15T17:30:00-07:00,dusk,4.0,"post-rain (1h since ≥0.2"")",1.72,2.8,13.3,187,122,2562,1,40,0.0388
20260616T0600-dawn,2026-06-16T06:00:00-07:00,dawn,4.0,"post-rain (13h since ≥0.2"")",1.88,3.0,12.4,184,107,3020,13,8,0.0388
20260616T1730-dusk,2026-06-16T17:30:00-07:00,dusk,4.0,"post-rain (24h since ≥0.2"")",2.01,2.9,12.0,183,96,3204,24,83,0.0388
20260617T0600-dawn,2026-06-17T06:00:00-07:00,dawn,4.0,"post-rain (37h since ≥0.2"")",2.11,3.0,11.8,182,77,3317,37,64,0.0388
20260617T1730-dusk,2026-06-17T17:30:00-07:00,dusk,4.0,"post-rain (48h since ≥0.2"")",2.15,2.7,10.9,183,71,3277,48,100,0.0388
20260618T0600-dawn,2026-06-18T06:00:00-07:00,dawn,4.0,"post-rain (1h since ≥0.2"")",2.44,3.3,11.8,182,61,3536,1,52,0.0365
20260618T1730-dusk,2026-06-18T17:30:00-07:00,dusk,4.0,"post-rain (1h since ≥0.2"")",2.45,3.1,11.0,181,73,3678,1,50,0.0365
20260619T0600-dawn,2026-06-19T06:00:00-07:00,dawn,4.0,"post-rain (1h since ≥0.2"")",1.72,2.4,10.4,176,61,3520,1,66,0.0365
20260619T1730-dusk,2026-06-19T17:30:00-07:00,dusk,4.0,"post-rain (1h since ≥0.2"")",2.46,2.7,10.3,183,101,3262,1,37,0.0365
20260620T0600-dawn,2026-06-20T06:00:00-07:00,dawn,4.0,"post-rain (7h since ≥0.2"")",2.09,2.9,12.1,188,99,3098,7,53,0.0277
20260620T1730-dusk,2026-06-20T17:30:00-07:00,dusk,4.0,"post-rain (18h since ≥0.2"")",1.59,2.5,12.0,185,86,3089,18,90,0.0277
20260621T0600-dawn,2026-06-21T06:00:00-07:00,dawn,4.0,"post-rain (31h since ≥0.2"")",1.33,2.4,11.5,182,90,2745,31,7,0.0319
20260621T1730-dusk,2026-06-21T17:30:00-07:00,dusk,4.0,"post-rain (42h since ≥0.2"")",1.25,2.2,10.9,176,96,2580,42,37,0.0319
20260622T0600-dawn,2026-06-22T06:00:00-07:00,dawn,4.0,"post-rain (55h since ≥0.2"")",1.2,2.2,10.9,179,119,2559,55,9,0.0319
20260622T1730-dusk,2026-06-22T17:30:00-07:00,dusk,4.0,"post-rain (66h since ≥0.2"")",1.54,2.4,12.0,180,102,2573,66,29,0.0319
20260623T0600-dawn,2026-06-23T06:00:00-07:00,dawn,8.2,,1.1,2.2,11.8,178,138,2574,72,60,0.0319
20260623T1730-dusk,2026-06-23T17:30:00-07:00,dusk,4.0,"post-rain (1h since ≥0.2"")",1.14,2.3,9.4,132,134,2497,1,96,0.0319
20260624T0600-dawn,2026-06-24T06:00:00-07:00,dawn,4.0,"post-rain (1h since ≥0.2"")",0.98,2.0,8.4,132,104,2522,1,16,0.0319
20260624T1730-dusk,2026-06-24T17:30:00-07:00,dusk,4.0,"post-rain (2h since ≥0.2"")",2.73,2.4,6.8,41,171,2573,2,5,0.0319
20260625T0600-dawn,2026-06-25T06:00:00-07:00,dawn,4.0,"post-rain (15h since ≥0.2"")",2.03,2.7,7.5,40,237,2622,15,30,0.0275
20260625T1730-dusk,2026-06-25T17:30:00-07:00,dusk,4.0,"post-rain (26h since ≥0.2"")",2.08,2.5,5.9,42,197,2672,26,61,0.0275
20260626T0600-dawn,2026-06-26T06:00:00-07:00,dawn,4.0,"post-rain (39h since ≥0.2"")",2.26,2.8,5.7,44,176,2736,39,60,0.0352
20260626T1730-dusk,2026-06-26T17:30:00-07:00,dusk,4.0,"post-rain (50h since ≥0.2"")",3.38,3.1,5.9,47,132,2896,50,50,0.0352
20260627T0600-dawn,2026-06-27T06:00:00-07:00,dawn,4.0,"post-rain (63h since ≥0.2"")",2.25,2.8,7.6,47,157,3145,63,19,0.0352
20260627T1730-dusk,2026-06-27T17:30:00-07:00,dusk,7.6,,2.28,2.6,5.8,49,170,3116,72,13,0.0352
20260628T0600-dawn,2026-06-28T06:00:00-07:00,dawn,8.0,,1.81,2.7,7.7,45,195,3108,72,12,0.1179
20260628T1730-dusk,2026-06-28T17:30:00-07:00,dusk,6.7,,2.14,2.6,7.7,48,147,3077,72,99,0.1179
20260629T0600-dawn,2026-06-29T06:00:00-07:00,dawn,4.0,"post-rain (1h since ≥0.2"")",1.62,2.5,7.5,47,134,3050,1,89,0.0348
20260629T1730-dusk,2026-06-29T17:30:00-07:00,dusk,4.0,"post-rain (1h since ≥0.2"")",1.89,2.5,7.6,47,113,2960,1,94,0.0348
20260630T0600-dawn,2026-06-30T06:00:00-07:00,dawn,4.0,"post-rain (1h since ≥0.2"")",1.76,2.3,10.2,176,182,2815,1,74,0.0208
20260630T1730-dusk,2026-06-30T17:30:00-07:00,dusk,4.0,"post-rain (6h since ≥0.2"")",1.7,2.1,10.0,177,204,2538,6,61,0.0208
20260701T0600-dawn,2026-07-01T06:00:00-07:00,dawn,4.0,"post-rain (19h since ≥0.2"")",2.17,2.7,5.8,45,169,2377,19,71,0.0286
20260701T1730-dusk,2026-07-01T17:30:00-07:00,dusk,4.0,"post-rain (30h since ≥0.2"")",3.4,3.1,6.2,44,197,2619,30,41,0.0286
20260702T0600-dawn,2026-07-02T06:00:00-07:00,dawn,4.0,"post-rain (43h since ≥0.2"")",2.31,2.5,5.9,40,261,2817,43,28,0.0286
20260702T1730-dusk,2026-07-02T17:30:00-07:00,dusk,4.0,"post-rain (54h since ≥0.2"")",1.79,2.3,6.3,39,246,2696,54,42,0.0286
20260703T0600-dawn,2026-07-03T06:00:00-07:00,dawn,4.0,"post-rain (67h since ≥0.2"")",2.34,2.8,6.8,40,225,2532,67,14,0.0286
20260703T1730-dusk,2026-07-03T17:30:00-07:00,dusk,7.4,,2.92,2.8,6.0,40,193,2674,72,11,0.0286
20260704T0600-dawn,2026-07-04T06:00:00-07:00,dawn,7.3,,1.36,2.1,11.2,182,219,2845,72,95,0.0214
20260704T1730-dusk,2026-07-04T17:30:00-07:00,dusk,7.3,,2.39,2.5,8.7,38,224,2862,72,53,0.0214
20260705T0600-dawn,2026-07-05T06:00:00-07:00,dawn,7.4,,2.01,2.6,8.4,38,242,3051,72,67,0.0214
20260705T1730-dusk,2026-07-05T17:30:00-07:00,dusk,7.2,,2.93,2.5,9.0,38,243,3152,72,7,0.0214
20260706T0600-dawn,2026-07-06T06:00:00-07:00,dawn,7.1,,2.75,2.8,8.0,38,295,3356,72,23,0.0245
20260706T1730-dusk,2026-07-06T17:30:00-07:00,dusk,6.7,,3.28,2.8,6.0,39,327,3442,72,35,0.0245
20260707T0600-dawn,2026-07-07T06:00:00-07:00,dawn,7.4,,2.12,2.6,9.6,83,361,3570,72,9,0.0312
20260707T1730-dusk,2026-07-07T17:30:00-07:00,dusk,6.1,,3.99,3.0,6.0,39,420,3796,72,42,0.0312
20260708T0600-dawn,2026-07-08T06:00:00-07:00,dawn,7.3,,2.34,2.8,5.2,43,378,3625,72,16,0.0312
20260708T1730-dusk,2026-07-08T17:30:00-07:00,dusk,6.8,,2.82,2.5,5.8,44,295,3353,72,55,0.0312
20260709T0600-dawn,2026-07-09T06:00:00-07:00,dawn,7.3,,2.64,3.1,5.6,44,262,3227,72,28,0.0351
20260709T1730-dusk,2026-07-09T17:30:00-07:00,dusk,7.0,,2.35,2.4,5.7,43,204,3128,72,75,0.0351
20260710T0600-dawn,2026-07-10T06:00:00-07:00,dawn,6.9,,2.18,2.4,6.5,42,241,2873,72,88,0.0351
20260710T1730-dusk,2026-07-10T17:30:00-07:00,dusk,7.1,,2.51,2.3,7.6,41,292,2635,72,70,0.0351
20260711T0600-dawn,2026-07-11T06:00:00-07:00,dawn,6.2,,2.96,2.9,5.5,38,332,2650,72,98,0.0351
20260711T1730-dusk,2026-07-11T17:30:00-07:00,dusk,6.2,,3.12,2.6,5.5,40,324,2588,72,94,0.0351
20260712T0600-dawn,2026-07-12T06:00:00-07:00,dawn,6.2,,3.22,3.3,5.6,41,306,2610,72,95,0.0351
20260712T1730-dusk,2026-07-12T17:30:00-07:00,dusk,6.1,,3.2,2.7,6.0,38,277,2721,72,96,0.0351
20260713T0600-dawn,2026-07-13T06:00:00-07:00,dawn,6.6,,2.86,2.7,6.7,38,301,2824,72,77,0.0351
20260713T1730-dusk,2026-07-13T17:30:00-07:00,dusk,7.5,,1.91,2.2,6.4,33,288,2800,72,60,0.0351
20260714T0600-dawn,2026-07-14T06:00:00-07:00,dawn,8.4,,1.3,2.1,5.5,40,241,2491,72,17,0.0351
20260714T1730-dusk,2026-07-14T17:30:00-07:00,dusk,6.9,,2.21,2.5,5.8,34,168,2261,72,99,0.0351
20260715T0600-dawn,2026-07-15T06:00:00-07:00,dawn,8.4,,1.49,2.3,7.3,38,107,2235,72,41,0.0351
20260715T1730-dusk,2026-07-15T17:30:00-07:00,dusk,7.7,,1.35,2.1,7.0,36,100,2073,72,92,0.0351
20260716T0600-dawn,2026-07-16T06:00:00-07:00,dawn,4.0,"post-rain (1h since ≥0.2"")",1.25,2.0,7.6,36,87,1947,1,50,0.0272
20260716T1730-dusk,2026-07-16T17:30:00-07:00,dusk,4.0,"post-rain (2h since ≥0.2"")",1.27,1.9,7.5,47,74,1896,2,71,0.0272
20260717T0600-dawn,2026-07-17T06:00:00-07:00,dawn,4.0,"post-rain (15h since ≥0.2"")",1.38,2.1,7.4,42,106,1970,15,82,0.0313
20260717T1730-dusk,2026-07-17T17:30:00-07:00,dusk,4.0,"post-rain (26h since ≥0.2"")",1.44,2.0,12.3,187,120,2082,26,6,0.0313
20260718T0600-dawn,2026-07-18T06:00:00-07:00,dawn,4.0,"post-rain (39h since ≥0.2"")",1.71,2.6,8.9,92,128,2261,39,45,0.0313
20260718T1730-dusk,2026-07-18T17:30:00-07:00,dusk,4.0,"post-rain (50h since ≥0.2"")",2.38,2.5,8.0,46,173,2680,50,2,0.0313
20260719T0600-dawn,2026-07-19T06:00:00-07:00,dawn,4.0,"post-rain (63h since ≥0.2"")",0.96,2.2,10.1,133,223,2862,63,7,0.0313
20260719T1730-dusk,2026-07-19T17:30:00-07:00,dusk,8.2,,1.42,2.3,12.5,179,221,2782,72,17,0.0313
20260720T0600-dawn,2026-07-20T06:00:00-07:00,dawn,7.3,,1.75,2.8,11.5,178,193,2963,72,83,0.0313
20260720T1730-dusk,2026-07-20T17:30:00-07:00,dusk,7.2,,2.28,2.9,11.8,178,140,3163,72,69,0.0313
20260721T0600-dawn,2026-07-21T06:00:00-07:00,dawn,7.4,,2.13,2.8,10.8,178,135,3364,72,60,0.0313
20260721T1730-dusk,2026-07-21T17:30:00-07:00,dusk,4.0,"post-rain (1h since ≥0.2"")",2.53,2.8,10.5,180,120,3343,1,100,0.0313
20260722T0600-dawn,2026-07-22T06:00:00-07:00,dawn,4.0,"post-rain (1h since ≥0.2"")",2.69,2.8,10.0,181,84,3276,1,26,0.0288
20260722T1730-dusk,2026-07-22T17:30:00-07:00,dusk,4.0,"post-rain (1h since ≥0.2"")",3.4,2.6,9.8,181,127,3369,1,15,0.0288
20260723T0600-dawn,2026-07-23T06:00:00-07:00,dawn,4.0,"post-rain (14h since ≥0.2"")",3.16,2.5,9.0,179,197,3382,14,74,0.0355
20260723T1730-dusk,2026-07-23T17:30:00-07:00,dusk,4.0,"post-rain (25h since ≥0.2"")",2.66,3.0,12.0,182,199,3649,25,30,0.0355
20260724T0600-dawn,2026-07-24T06:00:00-07:00,dawn,4.0,"post-rain (38h since ≥0.2"")",2.66,3.2,11.8,183,200,3961,38,3,0.0355
20260724T1730-dusk,2026-07-24T17:30:00-07:00,dusk,4.0,"post-rain (49h since ≥0.2"")",2.57,3.3,10.7,137,222,4313,49,74,0.0355
20260725T0600-dawn,2026-07-25T06:00:00-07:00,dawn,4.0,"post-rain (62h since ≥0.2"")",1.75,3.1,10.2,134,244,4695,62,41,0.0339
20260725T1730-dusk,2026-07-25T17:30:00-07:00,dusk,5.8,,4.04,3.3,8.2,37,258,4839,72,55,0.0339
20260726T0600-dawn,2026-07-26T06:00:00-07:00,dawn,6.4,,3.18,3.1,7.9,38,301,4831,72,17,0.0339
20260726T1730-dusk,2026-07-26T17:30:00-07:00,dusk,6.3,,2.26,2.9,9.5,135,309,4688,72,85,0.0339
20260727T0600-dawn,2026-07-27T06:00:00-07:00,dawn,6.2,,2.72,2.9,7.4,37,313,4366,72,79,0.0321
20260727T1730-dusk,2026-07-27T17:30:00-07:00,dusk,6.2,,2.3,2.5,7.8,36,301,3960,72,100,0.0321
20260728T0600-dawn,2026-07-28T06:00:00-07:00,dawn,6.6,,2.49,2.7,6.7,33,315,3661,72,77,0.0335
20260728T1730-dusk,2026-07-28T17:30:00-07:00,dusk,6.9,,2.43,2.7,9.4,57,320,3669,72,44,0.0335
20260729T0600-dawn,2026-07-29T06:00:00-07:00,dawn,7.1,,2.46,3.2,8.9,44,371,3674,72,31,0.0335
20260729T1730-dusk,2026-07-29T17:30:00-07:00,dusk,6.5,,2.13,2.6,8.0,34,296,3607,72,99,0.0335
20260730T0600-dawn,2026-07-30T06:00:00-07:00,dawn,4.0,"post-rain (1h since ≥0.2"")",1.56,2.4,7.5,42,252,3253,1,16,0.058
20260730T1730-dusk,2026-07-30T17:30:00-07:00,dusk,4.0,"post-rain (1h since ≥0.2"")",1.58,2.3,6.6,49,186,2921,1,77,0.058
20260731T0600-dawn,2026-07-31T06:00:00-07:00,dawn,4.0,"post-rain (9h since ≥0.2"")",1.29,2.1,7.0,47,173,2727,9,39,0.0377
20260731T1730-dusk,2026-07-31T17:30:00-07:00,dusk,4.0,"post-rain (20h since ≥0.2"")",2.3,1.9,10.1,140,196,2570,20,79,0.0377
20260801T0600-dawn,2026-08-01T06:00:00-07:00,dawn,4.0,"post-rain (33h since ≥0.2"")",3.31,2.5,6.3,47,324,2643,33,48,0.0286
20260801T1730-dusk,2026-08-01T17:30:00-07:00,dusk,4.0,"post-rain (44h since ≥0.2"")",3.31,2.5,6.1,47,392,2769,44,41,0.0286
20260802T0600-dawn,2026-08-02T06:00:00-07:00,dawn,4.0,"post-rain (57h since ≥0.2"")",3.66,3.4,6.3,44,391,2836,57,27,0.0329
20260802T1730-dusk,2026-08-02T17:30:00-07:00,dusk,4.0,"post-rain (68h since ≥0.2"")",1.54,2.3,8.4,47,356,2818,68,70,0.0329
20260803T0600-dawn,2026-08-03T06:00:00-07:00,dawn,7.8,,2.1,2.7,6.8,42,259,2687,72,22,0.0329
20260803T1730-dusk,2026-08-03T17:30:00-07:00,dusk,4.0,"post-rain (1h since ≥0.2"")",1.46,2.2,6.8,36,186,2492,1,80,0.0329
20260804T0600-dawn,2026-08-04T06:00:00-07:00,dawn,4.0,"post-rain (1h since ≥0.2"")",1.26,1.9,10.0,183,134,2172,1,80,0.0329
20260804T1730-dusk,2026-08-04T17:30:00-07:00,dusk,4.0,"post-rain (1h since ≥0.2"")",1.31,1.9,10.4,184,110,2002,1,100,0.0329
20260805T0600-dawn,2026-08-05T06:00:00-07:00,dawn,4.0,"post-rain (1h since ≥0.2"")",0.72,1.9,8.4,92,116,1789,1,96,0.0329
20260805T1730-dusk,2026-08-05T17:30:00-07:00,dusk,4.0,"post-rain (2h since ≥0.2"")",1.35,1.9,10.2,182,119,1726,2,73,0.0329
20260806T0600-dawn,2026-08-06T06:00:00-07:00,dawn,4.0,"post-rain (15h since ≥0.2"")",1.09,1.9,10.5,182,104,1620,15,99,0.0329
20260806T1730-dusk,2026-08-06T17:30:00-07:00,dusk,4.0,"post-rain (26h since ≥0.2"")",0.89,1.9,9.1,134,106,1549,26,97,0.0329
20260807T0600-dawn,2026-08-07T06:00:00-07:00,dawn,4.0,"post-rain (1h since ≥0.2"")",0.67,1.6,11.1,183,115,1522,1,14,0.0329
20260807T1730-dusk,2026-08-07T17:30:00-07:00,dusk,4.0,"post-rain (8h since ≥0.2"")",0.87,1.6,10.4,181,127,1506,8,97,0.0329
20260808T0600-dawn,2026-08-08T06:00:00-07:00,dawn,4.0,"post-rain (21h since ≥0.2"")",0.66,1.7,8.1,94,122,1474,21,19,0.0329
20260808T1730-dusk,2026-08-08T17:30:00-07:00,dusk,4.0,"post-rain (32h since ≥0.2"")",1.15,1.6,11.9,185,151,1512,32,91,0.0329
20260809T0600-dawn,2026-08-09T06:00:00-07:00,dawn,4.0,"post-rain (45h since ≥0.2"")",1.77,2.5,7.4,47,208,1700,45,83,0.0329
20260809T1730-dusk,2026-08-09T17:30:00-07:00,dusk,4.0,"post-rain (1h since ≥0.2"")",1.71,2.0,7.5,48,197,1873,1,87,0.0329
20260810T0600-dawn,2026-08-10T06:00:00-07:00,dawn,4.0,"post-rain (1h since ≥0.2"")",1.21,2.1,7.0,45,207,1946,1,93,0.0329
20260810T1730-dusk,2026-08-10T17:30:00-07:00,dusk,4.0,"post-rain (1h since ≥0.2"")",1.43,2.1,11.3,183,175,2015,1,32,0.0329
20260811T0600-dawn,2026-08-11T06:00:00-07:00,dawn,4.0,"post-rain (12h since ≥0.2"")",1.48,2.5,11.9,180,177,2140,12,95,0.0329
20260811T1730-dusk,2026-08-11T17:30:00-07:00,dusk,4.0,"post-rain (23h since ≥0.2"")",1.33,2.2,11.3,182,135,2457,23,58,0.0329
20260812T0600-dawn,2026-08-12T06:00:00-07:00,dawn,4.0,"post-rain (36h since ≥0.2"")",1.84,2.7,12.3,186,142,2581,36,80,0.0329
20260812T1730-dusk,2026-08-12T17:30:00-07:00,dusk,4.0,"post-rain (47h since ≥0.2"")",2.7,3.1,12.6,184,166,3016,47,79,0.0329
20260813T0600-dawn,2026-08-13T06:00:00-07:00,dawn,4.0,"post-rain (60h since ≥0.2"")",2.74,3.2,12.4,184,227,3519,60,50,0.0329
20260813T1730-dusk,2026-08-13T17:30:00-07:00,dusk,4.0,"post-rain (71h since ≥0.2"")",4.06,3.5,12.6,182,308,3841,71,31,0.0329
20260814T0600-dawn,2026-08-14T06:00:00-07:00,dawn,6.1,,2.82,3.0,11.6,183,356,4244,72,83,0.0329
20260814T1730-dusk,2026-08-14T17:30:00-07:00,dusk,4.4,,5.87,2.6,11.7,184,459,4429,72,70,0.0329
20260815T0600-dawn,2026-08-15T06:00:00-07:00,dawn,3.5,"post-rain (1h since ≥0.2"")",6.43,2.5,9.5,140,539,4659,1,100,0.0329
20260815T1730-dusk,2026-08-15T17:30:00-07:00,dusk,2.2,"post-rain (1h since ≥0.2"")",9.71,2.3,10.4,143,670,5481,1,100,0.0329
